"customer_id";"first_name";"last_name";"gender";"age";"email";"country"
1;"Shawna";"Dudlestone";"F";50;"shawna.dudlestone@e-recht24.de";"Malaysia"
2;"Carley";"Laffranconi";"F";78;"carley.laffranconi@yelp.com";"Brazil"
3;"Jonah";"Romeuf";"M";51;"jonah.romeuf@newsvine.com";"Brazil"
4;"Dorey";"Tolle";"M";57;"dorey.tolle@ucoz.ru";"Brazil"
5;"Claretta";"Goodenough";"F";79;"claretta.goodenough@edublogs.org";"Ghana"
6;"Saunders";"Murkus";"M";37;"saunders.murkus@trellian.com";"Malaysia"
7;"Torrie";"Crossland";"F";62;"torrie.crossland@cam.ac.uk";"Brazil"
8;"Zolly";"Bouts";"M";42;"zolly.bouts@icq.com";"Nigeria"
9;"Abram";"Richold";"M";81;"abram.richold@netlog.com";"Brazil"
10;"Ronna";"Bunning";"F";65;"ronna.bunning@hhs.gov";"Cameroon"
11;"Alanna";"Gander";"F";41;"alanna.gander@who.int";"Brazil"
12;"Marylin";"Dwerryhouse";"F";65;"marylin.dwerryhouse@tiny.cc";"Malaysia"
13;"Vickie";"Whistan";"F";71;"vickie.whistan@a8.net";"Nigeria"
14;"Douglas";"Minster";"M";20;"douglas.minster@360.cn";"Nigeria"
15;"Ulrick";"Glason";"M";65;"ulrick.glason@domainmarket.com";"Malaysia"
16;"Park";"Constable";"M";52;"park.constable@unc.edu";"Brazil"
17;"Nicoli";"Loveman";"F";45;"nicoli.loveman@furl.net";"Brazil"
18;"Jelene";"Danielut";"F";72;"jelene.danielut@google.com.br";"Malaysia"
19;"Merrel";"Ditt";"M";76;"merrel.ditt@gravatar.com";"Brazil"
20;"Zak";"Ive";"M";52;"zak.ive@mit.edu";"Brazil"
21;"Nellie";"Bawdon";"F";48;"nellie.bawdon@patch.com";"Brazil"
22;"Alene";"Gallemore";"F";27;"alene.gallemore@symantec.com";"Albania"
23;"Winni";"Corhard";"F";70;"winni.corhard@boston.com";"Malaysia"
24;"Yorker";"Jinda";"M";83;"yorker.jinda@tmall.com";"Egypt"
25;"Daffy";"Slatten";"F";85;"daffy.slatten@ox.ac.uk";"Nigeria"
26;"Oralia";"Ivchenko";"F";42;"oralia.ivchenko@who.int";"Brazil"
27;"Noel";"Hauger";"F";45;"noel.hauger@jigsy.com";"Brazil"
28;"Bradley";"Howett";"M";27;"bradley.howett@yahoo.com";"Brazil"
29;"Inger";"Plenty";"M";55;"inger.plenty@pcworld.com";"Bolivia"
30;"Debor";"O'Curneen";"F";34;"debor.o'curneen@google.com.br";"Brazil"
31;"Lorenza";"Franzetti";"F";78;"lorenza.franzetti@opensource.org";"Brazil"
32;"Erminie";"Jouandet";"F";44;"erminie.jouandet@taobao.com";"Brazil"
33;"Valentino";"Lenihan";"M";52;"valentino.lenihan@mozilla.com";"Nigeria"
34;"Goldina";"Blethin";"F";80;"goldina.blethin@wikispaces.com";"Brazil"
35;"Darline";"Kimblin";"F";23;"darline.kimblin@tmall.com";"Brazil"
36;"Tamarah";"Tussaine";"F";28;"tamarah.tussaine@webmd.com";"Malaysia"
37;"Isabelita";"O'Carran";"F";55;"isabelita.o'carran@booking.com";"Benin"
38;"Culver";"Petley";"M";42;"culver.petley@washington.edu";"Brazil"
39;"Pearline";"Bisgrove";"F";40;"pearline.bisgrove@independent.co.uk";"Brazil"
40;"Sigismund";"Cossom";"M";25;"sigismund.cossom@bing.com";"Bolivia"
41;"Carin";"Kamenar";"F";83;"carin.kamenar@virginia.edu";"Brazil"
42;"Inez";"Siveter";"F";51;"inez.siveter@forbes.com";"Brazil"
43;"Mayer";"Scheu";"M";36;"mayer.scheu@icq.com";"Brazil"
44;"Deloris";"Kingman";"F";56;"deloris.kingman@ifeng.com";"Albania"
45;"Carry";"Banister";"F";32;"carry.banister@biblegateway.com";"Brazil"
46;"Vachel";"Timbridge";"M";49;"vachel.timbridge@last.fm";"Malaysia"
47;"Haleigh";"Frodsham";"M";61;"haleigh.frodsham@yale.edu";"Brazil"
48;"Janette";"Learie";"F";60;"janette.learie@auda.org.au";"Brazil"
49;"Viola";"De Witt";"F";47;"viola.de witt@netvibes.com";"Albania"
50;"Crystie";"Brewitt";"F";60;"crystie.brewitt@amazonaws.com";"Brazil"
51;"Maxine";"Mothersole";"F";74;"maxine.mothersole@foxnews.com";"Nigeria"
52;"Janenna";"Tregunnah";"F";65;"janenna.tregunnah@umich.edu";"Brazil"
53;"Andrea";"Hearmon";"F";82;"andrea.hearmon@tumblr.com";"Malaysia"
54;"Mikel";"Gothrup";"M";83;"mikel.gothrup@wix.com";"Albania"
55;"Anne";"Hutchin";"F";85;"anne.hutchin@blog.com";"Nigeria"
56;"Anette";"Lunbech";"F";21;"anette.lunbech@yellowbook.com";"Malaysia"
57;"Hazlett";"Clopton";"M";50;"hazlett.clopton@timesonline.co.uk";"Cameroon"
58;"Katie";"Hynd";"F";75;"katie.hynd@slashdot.org";"Nigeria"
59;"Lowrance";"Gilby";"M";85;"lowrance.gilby@wordpress.org";"Brazil"
60;"Florie";"Dunkerk";"F";72;"florie.dunkerk@ebay.co.uk";"Albania"
61;"Corina";"McGavigan";"F";25;"corina.mcgavigan@usatoday.com";"Albania"
62;"Basile";"Hayman";"M";60;"basile.hayman@artisteer.com";"Malaysia"
63;"Cherish";"Frontczak";"F";56;"cherish.frontczak@deviantart.com";"Nigeria"
64;"Debera";"Dumbrall";"F";49;"debera.dumbrall@drupal.org";"Brazil"
65;"Rustin";"Howey";"M";19;"rustin.howey@tripod.com";"Brazil"
66;"Bar";"Gohier";"M";44;"bar.gohier@privacy.gov.au";"Nigeria"
67;"Pooh";"Sugge";"F";53;"pooh.sugge@qq.com";"Brazil"
68;"Theodoric";"Peasegod";"M";66;"theodoric.peasegod@cnet.com";"Brazil"
69;"Ammamaria";"Seman";"F";55;"ammamaria.seman@slideshare.net";"Brazil"
70;"Shoshanna";"Feldberger";"F";74;"shoshanna.feldberger@tripod.com";"Brazil"
71;"Jarred";"Dwine";"M";42;"jarred.dwine@illinois.edu";"Brazil"
72;"Ferdinand";"Caudray";"M";45;"ferdinand.caudray@slashdot.org";"Brazil"
73;"Michelle";"Stiffell";"F";19;"michelle.stiffell@home.pl";"Nigeria"
74;"Faina";"Bettles";"F";73;"faina.bettles@is.gd";"Brazil"
75;"Selinda";"Pahl";"F";24;"selinda.pahl@vk.com";"Albania"
76;"Elaina";"Bootes";"F";34;"elaina.bootes@altervista.org";"Brazil"
77;"Megen";"Witul";"F";45;"megen.witul@oracle.com";"Brazil"
78;"Constantina";"Bruins";"F";31;"constantina.bruins@usgs.gov";"Malaysia"
79;"Dermot";"Langman";"M";84;"dermot.langman@imdb.com";"Brazil"
80;"Hanson";"Shippey";"M";19;"hanson.shippey@ucoz.com";"Brazil"
81;"Dreddy";"Rathjen";"F";53;"dreddy.rathjen@usnews.com";"Brazil"
82;"Hedwiga";"McQuarrie";"F";68;"hedwiga.mcquarrie@cam.ac.uk";"Cameroon"
83;"Morna";"Cheine";"F";29;"morna.cheine@kickstarter.com";"Malaysia"
84;"Karylin";"Cholonin";"F";81;"karylin.cholonin@microsoft.com";"Albania"
85;"Deeann";"Luxton";"F";74;"deeann.luxton@nsw.gov.au";"Malaysia"
86;"Feliza";"Ziehm";"F";39;"feliza.ziehm@acquirethisname.com";"Brazil"
87;"Vaughn";"Rozea";"M";84;"vaughn.rozea@tiny.cc";"Brazil"
88;"Puff";"Iddison";"M";36;"puff.iddison@umich.edu";"Brazil"
89;"Adolf";"Grummitt";"M";66;"adolf.grummitt@creativecommons.org";"Nigeria"
90;"Pepillo";"Parmer";"M";55;"pepillo.parmer@washingtonpost.com";"Cameroon"
91;"Allys";"Schulke";"F";48;"allys.schulke@artisteer.com";"Brazil"
92;"Gabie";"Rosenkranc";"M";34;"gabie.rosenkranc@google.co.jp";"Brazil"
93;"Kaycee";"Smails";"F";46;"kaycee.smails@abc.net.au";"Albania"
94;"Tim";"Allmen";"M";48;"tim.allmen@prnewswire.com";"Albania"
95;"Dotti";"Moxley";"F";55;"dotti.moxley@kickstarter.com";"Brazil"
96;"Dominica";"Cawsy";"F";81;"dominica.cawsy@ed.gov";"Brazil"
97;"Wynne";"Toffel";"F";30;"wynne.toffel@virginia.edu";"Bolivia"
98;"Vally";"Sarginson";"F";54;"vally.sarginson@wisc.edu";"Brazil"
99;"Joni";"Drackford";"F";23;"joni.drackford@google.es";"Malaysia"
100;"Carlye";"Tours";"F";78;"carlye.tours@google.cn";"Brazil"
101;"Gui";"Depport";"F";57;"gui.depport@rambler.ru";"Brazil"
102;"Erl";"Penvarden";"M";39;"erl.penvarden@usgs.gov";"Brazil"
103;"Wait";"Conrard";"M";63;"wait.conrard@360.cn";"Nigeria"
104;"Burl";"Moorfield";"M";65;"burl.moorfield@linkedin.com";"Brazil"
105;"Leeanne";"Orrum";"F";67;"leeanne.orrum@pbs.org";"Brazil"
106;"Melamie";"Palfreyman";"F";20;"melamie.palfreyman@nbcnews.com";"Brazil"
107;"Vassili";"Piscot";"M";47;"vassili.piscot@acquirethisname.com";"Brazil"
108;"Yolane";"Tayt";"F";28;"yolane.tayt@yahoo.com";"Egypt"
109;"Rriocard";"Petersen";"M";64;"rriocard.petersen@mozilla.org";"Malaysia"
110;"Killie";"McCullock";"M";46;"killie.mccullock@newsvine.com";"Brazil"
111;"Selinda";"McGrayle";"F";56;"selinda.mcgrayle@freewebs.com";"Brazil"
112;"Luce";"Colleford";"F";44;"luce.colleford@google.ca";"Ghana"
113;"Karel";"Laydon";"M";85;"karel.laydon@usa.gov";"Bolivia"
114;"Regan";"Schlagman";"F";50;"regan.schlagman@wufoo.com";"Brazil"
115;"Alicea";"Biles";"F";79;"alicea.biles@vinaora.com";"Egypt"
116;"Zilvia";"Pepall";"F";52;"zilvia.pepall@blogger.com";"Nigeria"
117;"Lurlene";"Franc";"F";76;"lurlene.franc@imgur.com";"Brazil"
118;"Janos";"Copestake";"M";55;"janos.copestake@discovery.com";"Malaysia"
119;"Durante";"Huntington";"M";39;"durante.huntington@yellowbook.com";"Nigeria"
120;"Byran";"Magor";"M";61;"byran.magor@nymag.com";"Brazil"
121;"Lesley";"Pristnor";"M";33;"lesley.pristnor@163.com";"Brazil"
122;"Prince";"Collison";"M";54;"prince.collison@blogs.com";"Brazil"
123;"Cort";"Mullenger";"M";80;"cort.mullenger@apple.com";"Nigeria"
124;"Jenny";"Gallagher";"F";20;"jenny.gallagher@flickr.com";"Egypt"
125;"Betta";"Perrin";"F";37;"betta.perrin@npr.org";"Brazil"
126;"Bernardine";"Goatman";"F";30;"bernardine.goatman@trellian.com";"Brazil"
127;"Jerri";"Donnelly";"M";76;"jerri.donnelly@seattletimes.com";"Nigeria"
128;"Jewell";"Gilcrist";"F";22;"jewell.gilcrist@statcounter.com";"Albania"
129;"Shanie";"Leatherland";"F";78;"shanie.leatherland@bizjournals.com";"Brazil"
130;"Douglass";"Escott";"M";73;"douglass.escott@quantcast.com";"Brazil"
131;"Blair";"Valentetti";"M";66;"blair.valentetti@engadget.com";"Brazil"
132;"Martguerita";"Bedminster";"F";80;"martguerita.bedminster@oracle.com";"Brazil"
133;"Gaultiero";"Girling";"M";71;"gaultiero.girling@godaddy.com";"Brazil"
134;"Orrin";"Santen";"M";72;"orrin.santen@cpanel.net";"Brazil"
135;"Leesa";"Figgs";"F";54;"leesa.figgs@istockphoto.com";"Malaysia"
136;"Jennilee";"Stopps";"F";76;"jennilee.stopps@aboutads.info";"Nigeria"
137;"Douglass";"Bushaway";"M";44;"douglass.bushaway@eventbrite.com";"Nigeria"
138;"Zena";"Faldoe";"F";28;"zena.faldoe@eventbrite.com";"Brazil"
139;"Jackson";"Haliburn";"M";67;"jackson.haliburn@bravesites.com";"Brazil"
140;"Tripp";"Dicker";"M";79;"tripp.dicker@friendfeed.com";"Brazil"
141;"Gian";"Pollard";"M";47;"gian.pollard@tumblr.com";"Brazil"
142;"Tabby";"Matthewes";"F";24;"tabby.matthewes@biblegateway.com";"Brazil"
143;"Abagail";"Lotze";"F";22;"abagail.lotze@instagram.com";"Cameroon"
144;"Humberto";"Murrthum";"M";76;"humberto.murrthum@ox.ac.uk";"Brazil"
145;"Saree";"Zannutti";"F";70;"saree.zannutti@deviantart.com";"Brazil"
146;"Betteann";"Pitone";"F";68;"betteann.pitone@adobe.com";"Brazil"
147;"Dannie";"McOwan";"F";35;"dannie.mcowan@fema.gov";"Brazil"
148;"Naomi";"Simeoni";"F";45;"naomi.simeoni@etsy.com";"Nigeria"
149;"Brandyn";"Canti";"M";25;"brandyn.canti@4shared.com";"Bolivia"
150;"Elsbeth";"Berkery";"F";45;"elsbeth.berkery@wordpress.com";"Brazil"
151;"Cecilia";"Reeken";"F";67;"cecilia.reeken@house.gov";"Nigeria"
152;"Donetta";"Lukesch";"F";23;"donetta.lukesch@senate.gov";"Brazil"
153;"Loree";"Rigney";"F";52;"loree.rigney@gravatar.com";"Brazil"
154;"Bondy";"Praten";"M";62;"bondy.praten@arizona.edu";"Albania"
155;"Tamara";"Levesque";"F";22;"tamara.levesque@state.tx.us";"Brazil"
156;"Robbie";"Frede";"F";57;"robbie.frede@artisteer.com";"Brazil"
157;"Duncan";"Brymner";"M";68;"duncan.brymner@state.gov";"Brazil"
158;"Davina";"Selkirk";"F";39;"davina.selkirk@narod.ru";"Nigeria"
159;"Glendon";"Hallard";"M";38;"glendon.hallard@java.com";"Brazil"
160;"Ivan";"Kid";"M";80;"ivan.kid@accuweather.com";"Benin"
161;"Addy";"Durkin";"F";82;"addy.durkin@huffingtonpost.com";"Brazil"
162;"Michal";"Walshaw";"M";58;"michal.walshaw@about.com";"Brazil"
163;"Pietra";"Corselles";"F";18;"pietra.corselles@amazon.de";"Brazil"
164;"Arman";"Cromwell";"M";61;"arman.cromwell@cmu.edu";"Egypt"
165;"Lissie";"Pentycost";"F";57;"lissie.pentycost@wikipedia.org";"Malaysia"
166;"Quintana";"Saunier";"F";37;"quintana.saunier@cargocollective.com";"Brazil"
167;"Keary";"Brash";"M";60;"keary.brash@godaddy.com";"Brazil"
168;"Fernande";"Hardistry";"F";50;"fernande.hardistry@photobucket.com";"Brazil"
169;"Berky";"Efford";"M";39;"berky.efford@aol.com";"Brazil"
170;"Marion";"Gennings";"M";51;"marion.gennings@furl.net";"Ghana"
171;"Jecho";"Tryhorn";"M";81;"jecho.tryhorn@gizmodo.com";"Brazil"
172;"Leland";"Wooddisse";"M";59;"leland.wooddisse@nbcnews.com";"Brazil"
173;"Kelcey";"Wylam";"F";45;"kelcey.wylam@umn.edu";"Egypt"
174;"Abigael";"Vickars";"F";73;"abigael.vickars@ucoz.ru";"Nigeria"
175;"Buck";"Greenhow";"M";54;"buck.greenhow@ask.com";"Bolivia"
176;"Min";"Kynman";"F";52;"min.kynman@gizmodo.com";"Brazil"
177;"Desmond";"Hawksley";"M";85;"desmond.hawksley@bluehost.com";"Brazil"
178;"Rochell";"Anglim";"F";24;"rochell.anglim@addthis.com";"Malaysia"
179;"Shawna";"Pointing";"F";23;"shawna.pointing@nbcnews.com";"Brazil"
180;"Edna";"Halliwell";"F";72;"edna.halliwell@merriam-webster.com";"Brazil"
181;"Earle";"Blacksland";"M";44;"earle.blacksland@vkontakte.ru";"Brazil"
182;"Eb";"Gerson";"M";20;"eb.gerson@fastcompany.com";"Nigeria"
183;"Yuma";"Castledine";"M";76;"yuma.castledine@nytimes.com";"Brazil"
184;"Herbert";"Ferrotti";"M";23;"herbert.ferrotti@blinklist.com";"Nigeria"
185;"Kerri";"MacAskie";"F";84;"kerri.macaskie@dion.ne.jp";"Ghana"
186;"Bevin";"Kenvin";"M";75;"bevin.kenvin@etsy.com";"Brazil"
187;"Marcos";"Selvester";"M";60;"marcos.selvester@wikia.com";"Brazil"
188;"Melina";"Turpin";"F";55;"melina.turpin@huffingtonpost.com";"Albania"
189;"Shanan";"Scardafield";"M";18;"shanan.scardafield@youku.com";"Egypt"
190;"Pail";"Olliff";"M";83;"pail.olliff@mapy.cz";"Austria"
191;"Laural";"Burvill";"F";22;"laural.burvill@myspace.com";"Nigeria"
192;"Cary";"McInnes";"M";34;"cary.mcinnes@toplist.cz";"Albania"
193;"Padget";"MacCarlich";"M";84;"padget.maccarlich@toplist.cz";"Brazil"
194;"Alick";"Urrey";"M";82;"alick.urrey@mediafire.com";"Brazil"
195;"Arlee";"Mettricke";"F";73;"arlee.mettricke@ebay.com";"Ghana"
196;"Janela";"Honniebal";"F";52;"janela.honniebal@sun.com";"Brazil"
197;"Roda";"Martusov";"F";70;"roda.martusov@yolasite.com";"Brazil"
198;"Norma";"Owers";"F";23;"norma.owers@spotify.com";"Ghana"
199;"Emmi";"Steptow";"F";18;"emmi.steptow@ihg.com";"Albania"
200;"Jilly";"Antonazzi";"F";72;"jilly.antonazzi@linkedin.com";"Brazil"
201;"Malinda";"Willison";"F";33;"malinda.willison@kickstarter.com";"Malaysia"
202;"Merrill";"McRill";"M";59;"merrill.mcrill@nature.com";"Brazil"
203;"Tobye";"Yurinov";"F";36;"tobye.yurinov@istockphoto.com";"Brazil"
204;"Fairleigh";"Merrilees";"M";80;"fairleigh.merrilees@taobao.com";"Brazil"
205;"Rogerio";"Costellow";"M";32;"rogerio.costellow@sfgate.com";"Brazil"
206;"Patty";"Doiley";"M";37;"patty.doiley@arstechnica.com";"Nigeria"
207;"Sammy";"Miner";"M";55;"sammy.miner@rakuten.co.jp";"Albania"
208;"Lindsay";"Brownell";"M";49;"lindsay.brownell@quantcast.com";"Brazil"
209;"Moise";"Greatbanks";"M";40;"moise.greatbanks@wisc.edu";"Albania"
210;"Nora";"Morant";"F";31;"nora.morant@umich.edu";"Austria"
211;"Jsandye";"Armatage";"F";41;"jsandye.armatage@unicef.org";"Brazil"
212;"Lusa";"Huygen";"F";68;"lusa.huygen@gizmodo.com";"Brazil"
213;"Eal";"Lamcken";"M";62;"eal.lamcken@usnews.com";"Brazil"
214;"Emmi";"Windeatt";"F";69;"emmi.windeatt@godaddy.com";"Nigeria"
215;"Ivar";"Ranahan";"M";44;"ivar.ranahan@state.tx.us";"Brazil"
216;"Vaughn";"Caustick";"M";53;"vaughn.caustick@umn.edu";"Brazil"
217;"Hali";"Zecchinii";"F";40;"hali.zecchinii@macromedia.com";"Brazil"
218;"Mack";"Clyburn";"M";32;"mack.clyburn@bizjournals.com";"Albania"
219;"Cassie";"D'Angeli";"M";84;"cassie.d'angeli@cbc.ca";"Brazil"
220;"Hughie";"Duferie";"M";22;"hughie.duferie@nature.com";"Brazil"
221;"Melisse";"Ingall";"F";78;"melisse.ingall@dot.gov";"Egypt"
222;"Karol";"Mottinelli";"F";22;"karol.mottinelli@dagondesign.com";"Brazil"
223;"Adriena";"Nasi";"F";85;"adriena.nasi@sciencedirect.com";"Brazil"
224;"Eleni";"Itchingham";"F";18;"eleni.itchingham@japanpost.jp";"Egypt"
225;"Alanah";"Heining";"F";63;"alanah.heining@hibu.com";"Brazil"
226;"Rory";"Cawkill";"M";66;"rory.cawkill@bbc.co.uk";"Austria"
227;"Goldy";"Tipper";"F";50;"goldy.tipper@who.int";"Brazil"
228;"Garvin";"Regler";"M";53;"garvin.regler@woothemes.com";"Cameroon"
229;"Niven";"Scopes";"M";31;"niven.scopes@themeforest.net";"Nigeria"
230;"Josiah";"Clail";"M";37;"josiah.clail@cafepress.com";"Egypt"
231;"Odey";"Ortega";"M";55;"odey.ortega@tmall.com";"Brazil"
232;"Selig";"Castilljo";"M";38;"selig.castilljo@tamu.edu";"Brazil"
233;"Martynne";"Huws";"F";70;"martynne.huws@hhs.gov";"Brazil"
234;"Friedrich";"Dory";"M";77;"friedrich.dory@hostgator.com";"Ghana"
235;"Tulley";"Batch";"M";76;"tulley.batch@abc.net.au";"Brazil"
236;"Garik";"Harker";"M";50;"garik.harker@latimes.com";"Nigeria"
237;"Elisha";"Tarquinio";"M";82;"elisha.tarquinio@google.pl";"Brazil"
238;"Wit";"O'Geaney";"M";66;"wit.o'geaney@goo.gl";"Brazil"
239;"Othella";"Samsonsen";"F";60;"othella.samsonsen@baidu.com";"Nigeria"
240;"Land";"Tankard";"M";57;"land.tankard@dagondesign.com";"Albania"
241;"Sylvan";"McGilmartin";"M";25;"sylvan.mcgilmartin@sciencedaily.com";"Brazil"
242;"Antoni";"Targetter";"M";77;"antoni.targetter@zimbio.com";"Brazil"
243;"Peta";"Faireclough";"F";82;"peta.faireclough@apple.com";"Nigeria"
244;"Brendin";"Goodson";"M";40;"brendin.goodson@youku.com";"Brazil"
245;"Margit";"Dmiterko";"F";21;"margit.dmiterko@npr.org";"Albania"
246;"Wilie";"Whereat";"F";85;"wilie.whereat@yelp.com";"Brazil"
247;"Car";"Mead";"M";54;"car.mead@squarespace.com";"Brazil"
248;"Bron";"Crosskill";"M";29;"bron.crosskill@whitehouse.gov";"Egypt"
249;"Wally";"Richemond";"M";66;"wally.richemond@time.com";"Brazil"
250;"Milo";"Brislane";"M";47;"milo.brislane@cnn.com";"Brazil"
251;"Rafferty";"Kinrade";"M";34;"rafferty.kinrade@imageshack.us";"Nigeria"
252;"Murdock";"Jacquemot";"M";72;"murdock.jacquemot@hao123.com";"Brazil"
253;"Ingaborg";"Pascoe";"F";48;"ingaborg.pascoe@miitbeian.gov.cn";"Brazil"
254;"Crista";"Long";"F";67;"crista.long@ucsd.edu";"Brazil"
255;"Amye";"Manvell";"F";28;"amye.manvell@pinterest.com";"Brazil"
256;"Serena";"Martinson";"F";24;"serena.martinson@bloglovin.com";"Brazil"
257;"Janella";"Growy";"F";41;"janella.growy@loc.gov";"Nigeria"
258;"Roderick";"Rosindill";"M";76;"roderick.rosindill@cnbc.com";"Brazil"
259;"Olympe";"Riches";"F";18;"olympe.riches@mtv.com";"Egypt"
260;"Marjie";"Faccini";"F";37;"marjie.faccini@miitbeian.gov.cn";"Brazil"
261;"Keir";"Fairlie";"M";18;"keir.fairlie@google.com.hk";"Nigeria"
262;"Monroe";"Calcut";"M";38;"monroe.calcut@chicagotribune.com";"Brazil"
263;"Clyde";"Cabrara";"M";65;"clyde.cabrara@cocolog-nifty.com";"Nigeria"
264;"Rafi";"Burkin";"M";74;"rafi.burkin@amazon.de";"Albania"
265;"Ring";"Sedgeman";"M";42;"ring.sedgeman@jalbum.net";"Brazil"
266;"Donelle";"Barltrop";"F";31;"donelle.barltrop@java.com";"Brazil"
267;"Drake";"Haxley";"M";24;"drake.haxley@sciencedirect.com";"Brazil"
268;"Mathias";"Hinks";"M";58;"mathias.hinks@nbcnews.com";"Nigeria"
269;"Tana";"Doeg";"F";19;"tana.doeg@fda.gov";"Nigeria"
270;"Verine";"Jory";"F";27;"verine.jory@1und1.de";"Malaysia"
271;"Tracee";"Pinel";"F";79;"tracee.pinel@freewebs.com";"Brazil"
272;"Pier";"Padell";"F";83;"pier.padell@360.cn";"Nigeria"
273;"Carolynn";"Chisman";"F";62;"carolynn.chisman@sciencedaily.com";"Egypt"
274;"Korella";"Ogelbe";"F";20;"korella.ogelbe@unicef.org";"Albania"
275;"Clementia";"Mathewson";"F";26;"clementia.mathewson@businesswire.com";"Malaysia"
276;"Gary";"Buckenham";"M";54;"gary.buckenham@webs.com";"Brazil"
277;"Bertrand";"Malone";"M";38;"bertrand.malone@abc.net.au";"Brazil"
278;"Doyle";"Wesley";"M";85;"doyle.wesley@dyndns.org";"Brazil"
279;"Aldridge";"Milmore";"M";68;"aldridge.milmore@redcross.org";"Brazil"
280;"Nertie";"Vince";"F";78;"nertie.vince@nyu.edu";"Cameroon"
281;"Tedmund";"Bonnesen";"M";52;"tedmund.bonnesen@virginia.edu";"Nigeria"
282;"Terrye";"Ferfulle";"F";33;"terrye.ferfulle@theatlantic.com";"Malaysia"
283;"Bowie";"Spinello";"M";31;"bowie.spinello@google.com";"Brazil"
284;"Filip";"O'Cullinane";"M";46;"filip.o'cullinane@noaa.gov";"Brazil"
285;"Ardelis";"Vasiliev";"F";35;"ardelis.vasiliev@hubpages.com";"Brazil"
286;"King";"Carren";"M";40;"king.carren@nih.gov";"Brazil"
287;"Spenser";"Brastead";"M";41;"spenser.brastead@princeton.edu";"Brazil"
288;"Brook";"Norkett";"M";37;"brook.norkett@ucoz.ru";"Brazil"
289;"Binky";"Chrispin";"M";69;"binky.chrispin@ameblo.jp";"Albania"
290;"Ynez";"Barrable";"F";56;"ynez.barrable@diigo.com";"Brazil"
291;"Terry";"Blindermann";"F";83;"terry.blindermann@vimeo.com";"Brazil"
292;"Kerwinn";"Gergolet";"M";75;"kerwinn.gergolet@yahoo.com";"Brazil"
293;"Temple";"Skeermer";"M";63;"temple.skeermer@narod.ru";"Brazil"
294;"Mortimer";"Wyss";"M";37;"mortimer.wyss@1688.com";"Brazil"
295;"Sarina";"Lethcoe";"F";51;"sarina.lethcoe@gmpg.org";"Brazil"
296;"Elianore";"Siely";"F";79;"elianore.siely@bravesites.com";"Brazil"
297;"Magda";"Scruton";"F";70;"magda.scruton@microsoft.com";"Nigeria"
298;"Pincas";"Klemke";"M";85;"pincas.klemke@yahoo.com";"Brazil"
299;"Piper";"Ayton";"F";26;"piper.ayton@weather.com";"Cameroon"
300;"Clementina";"Corkhill";"F";68;"clementina.corkhill@timesonline.co.uk";"Brazil"
301;"Gawen";"Marlon";"M";70;"gawen.marlon@webmd.com";"Brazil"
302;"Harlin";"Gladdis";"M";56;"harlin.gladdis@yolasite.com";"Egypt"
303;"Ninnette";"Bengoechea";"F";31;"ninnette.bengoechea@4shared.com";"Cameroon"
304;"Dal";"Rohloff";"M";79;"dal.rohloff@goodreads.com";"Brazil"
305;"Erl";"Marjoram";"M";68;"erl.marjoram@mlb.com";"Brazil"
306;"Sascha";"Retchford";"F";46;"sascha.retchford@printfriendly.com";"Malaysia"
307;"Camila";"Ream";"F";32;"camila.ream@icq.com";"Brazil"
308;"Mellicent";"Bellefonte";"F";23;"mellicent.bellefonte@weather.com";"Brazil"
309;"Laureen";"Macken";"F";29;"laureen.macken@domainmarket.com";"Nigeria"
310;"Shell";"Crose";"M";43;"shell.crose@npr.org";"Malaysia"
311;"Dalenna";"Sharphurst";"F";82;"dalenna.sharphurst@forbes.com";"Brazil"
312;"Brigham";"Blount";"M";37;"brigham.blount@reverbnation.com";"Nigeria"
313;"Ardeen";"Fellibrand";"F";82;"ardeen.fellibrand@stanford.edu";"Brazil"
314;"Vidovic";"Plante";"M";41;"vidovic.plante@gnu.org";"Brazil"
315;"Michell";"Gurr";"F";60;"michell.gurr@google.com";"Brazil"
316;"Pavia";"Griffitt";"F";47;"pavia.griffitt@networkadvertising.org";"Brazil"
317;"Buffy";"Oliff";"F";71;"buffy.oliff@bigcartel.com";"Brazil"
318;"Fionna";"Saladino";"F";67;"fionna.saladino@about.me";"Albania"
319;"Valene";"Tonry";"F";85;"valene.tonry@exblog.jp";"Nigeria"
320;"Bram";"Opdenort";"M";37;"bram.opdenort@wordpress.com";"Brazil"
321;"Enos";"Hibling";"M";19;"enos.hibling@163.com";"Nigeria"
322;"Reuben";"McAllan";"M";50;"reuben.mcallan@yelp.com";"Brazil"
323;"Jazmin";"Bolf";"F";58;"jazmin.bolf@paginegialle.it";"Bolivia"
324;"Elora";"Drivers";"F";56;"elora.drivers@yandex.ru";"Brazil"
325;"Gil";"Grzelewski";"M";58;"gil.grzelewski@mediafire.com";"Brazil"
326;"Hilde";"Grute";"F";33;"hilde.grute@prnewswire.com";"Brazil"
327;"Ilario";"Greedier";"M";20;"ilario.greedier@pagesperso-orange.fr";"Nigeria"
328;"Stacy";"Megahey";"M";78;"stacy.megahey@people.com.cn";"Nigeria"
329;"Dalston";"Caile";"M";58;"dalston.caile@discovery.com";"Brazil"
330;"Analise";"Yoseloff";"F";26;"analise.yoseloff@xrea.com";"Nigeria"
331;"Bartie";"Bowser";"M";75;"bartie.bowser@forbes.com";"Brazil"
332;"Aloin";"Gosforth";"M";62;"aloin.gosforth@army.mil";"Brazil"
333;"Stacy";"Prando";"M";66;"stacy.prando@mozilla.com";"Brazil"
334;"Aldus";"McTavy";"M";25;"aldus.mctavy@youtube.com";"Brazil"
335;"Reagen";"Pickervance";"M";20;"reagen.pickervance@fema.gov";"Brazil"
336;"Jeannie";"O'Brollachain";"F";55;"jeannie.o'brollachain@upenn.edu";"Brazil"
337;"Marthe";"Flynn";"F";39;"marthe.flynn@rakuten.co.jp";"Brazil"
338;"Tomaso";"Arnout";"M";77;"tomaso.arnout@biglobe.ne.jp";"Brazil"
339;"August";"Dearle";"M";29;"august.dearle@cdc.gov";"Albania"
340;"Sydney";"Sikorski";"M";80;"sydney.sikorski@fema.gov";"Brazil"
341;"Marjy";"Andreix";"F";56;"marjy.andreix@foxnews.com";"Nigeria"
342;"Inglebert";"Leverton";"M";43;"inglebert.leverton@washingtonpost.com";"Brazil"
343;"Maison";"Elington";"M";71;"maison.elington@networksolutions.com";"Albania"
344;"Serge";"Flores";"M";53;"serge.flores@dot.gov";"Nigeria"
345;"Rosemarie";"O'Crotty";"F";51;"rosemarie.o'crotty@patch.com";"Brazil"
346;"Delmer";"Lonnon";"M";28;"delmer.lonnon@altervista.org";"Brazil"
347;"Noby";"Kurdani";"M";75;"noby.kurdani@unesco.org";"Nigeria"
348;"Gerard";"Donnel";"M";70;"gerard.donnel@sun.com";"Malaysia"
349;"Chalmers";"Calverd";"M";26;"chalmers.calverd@jalbum.net";"Albania"
350;"Thaxter";"Ridgers";"M";83;"thaxter.ridgers@1und1.de";"Brazil"
351;"Zedekiah";"Rooson";"M";45;"zedekiah.rooson@desdev.cn";"Brazil"
352;"Freda";"Parrott";"F";79;"freda.parrott@psu.edu";"Brazil"
353;"Dorthea";"Pawfoot";"F";78;"dorthea.pawfoot@msu.edu";"Brazil"
354;"Cecilia";"Perryn";"F";30;"cecilia.perryn@pagesperso-orange.fr";"Brazil"
355;"Clovis";"Syder";"F";26;"clovis.syder@w3.org";"Brazil"
356;"Carlyle";"Frankling";"M";31;"carlyle.frankling@ftc.gov";"Ghana"
357;"Mahmud";"Brevetor";"M";66;"mahmud.brevetor@theguardian.com";"Albania"
358;"Gilda";"Szymon";"F";83;"gilda.szymon@1und1.de";"Malaysia"
359;"Angie";"Surgen";"F";32;"angie.surgen@blogspot.com";"Brazil"
360;"Tatiana";"Newcombe";"F";73;"tatiana.newcombe@jugem.jp";"Brazil"
361;"Jacinda";"Pilipets";"F";47;"jacinda.pilipets@cbsnews.com";"Malaysia"
362;"Cathee";"Ketcher";"F";73;"cathee.ketcher@mtv.com";"Brazil"
363;"Wye";"Grime";"M";73;"wye.grime@list-manage.com";"Malaysia"
364;"Welch";"Capes";"M";46;"welch.capes@samsung.com";"Brazil"
365;"Clem";"Popelay";"M";26;"clem.popelay@springer.com";"Cameroon"
366;"Ginelle";"Dench";"F";31;"ginelle.dench@hud.gov";"Malaysia"
367;"Gisela";"Skaif";"F";83;"gisela.skaif@1und1.de";"Brazil"
368;"Zora";"Motion";"F";19;"zora.motion@mapy.cz";"Egypt"
369;"Culley";"Dorant";"M";85;"culley.dorant@flavors.me";"Brazil"
370;"Deonne";"Lebang";"F";66;"deonne.lebang@mashable.com";"Albania"
371;"Klarrisa";"Sannes";"F";60;"klarrisa.sannes@networkadvertising.org";"Brazil"
372;"Claudia";"Idell";"F";39;"claudia.idell@1und1.de";"Egypt"
373;"Dona";"Bartleman";"F";68;"dona.bartleman@alexa.com";"Brazil"
374;"Silvan";"Henke";"M";63;"silvan.henke@jugem.jp";"Brazil"
375;"Antonie";"Skirvane";"F";29;"antonie.skirvane@accuweather.com";"Brazil"
376;"Scot";"Gent";"M";56;"scot.gent@pbs.org";"Malaysia"
377;"Alic";"Gladdish";"M";65;"alic.gladdish@hugedomains.com";"Nigeria"
378;"Jourdan";"Beddon";"F";40;"jourdan.beddon@quantcast.com";"Nigeria"
379;"Dori";"Ladon";"F";19;"dori.ladon@tiny.cc";"Nigeria"
380;"Clarita";"Rivett";"F";47;"clarita.rivett@tamu.edu";"Brazil"
381;"Clem";"Butterfill";"M";33;"clem.butterfill@symantec.com";"Albania"
382;"Lenard";"Balsdone";"M";69;"lenard.balsdone@nasa.gov";"Brazil"
383;"Ardyth";"Kibbee";"F";70;"ardyth.kibbee@businessinsider.com";"Brazil"
384;"Ilaire";"Mills";"M";58;"ilaire.mills@paypal.com";"Brazil"
385;"Selma";"Stirzaker";"F";59;"selma.stirzaker@vkontakte.ru";"Brazil"
386;"Corbet";"Verillo";"M";56;"corbet.verillo@altervista.org";"Brazil"
387;"Marleah";"Szymczyk";"F";35;"marleah.szymczyk@time.com";"Brazil"
388;"Austina";"Wheowall";"F";53;"austina.wheowall@buzzfeed.com";"Brazil"
389;"Pammi";"Thorsen";"F";70;"pammi.thorsen@princeton.edu";"Brazil"
390;"Wilona";"Poundsford";"F";64;"wilona.poundsford@blogs.com";"Cameroon"
391;"Deanna";"Eakly";"F";28;"deanna.eakly@163.com";"Albania"
392;"Pansie";"Rowet";"F";32;"pansie.rowet@symantec.com";"Nigeria"
393;"Sherri";"Bobasch";"F";63;"sherri.bobasch@tripod.com";"Nigeria"
394;"Dietrich";"MacIntyre";"M";25;"dietrich.macintyre@paypal.com";"Brazil"
395;"Pinchas";"Roughley";"M";30;"pinchas.roughley@youtube.com";"Brazil"
396;"Bing";"Dabnor";"M";76;"bing.dabnor@ameblo.jp";"Brazil"
397;"Reamonn";"Mutlow";"M";65;"reamonn.mutlow@china.com.cn";"Nigeria"
398;"Trenton";"McMenamy";"M";72;"trenton.mcmenamy@naver.com";"Brazil"
399;"Susan";"Doidge";"F";52;"susan.doidge@usa.gov";"Brazil"
400;"Andre";"Goligly";"M";41;"andre.goligly@ted.com";"Brazil"
401;"Tabbitha";"Delieu";"F";26;"tabbitha.delieu@earthlink.net";"Cameroon"
402;"Astrid";"Fusco";"F";75;"astrid.fusco@yandex.ru";"Brazil"
403;"Dee dee";"Kellock";"F";69;"dee dee.kellock@over-blog.com";"Brazil"
404;"Freedman";"Ronaghan";"M";23;"freedman.ronaghan@weather.com";"Brazil"
405;"Conny";"Mews";"M";46;"conny.mews@com.com";"Brazil"
406;"Kitty";"Rayman";"F";40;"kitty.rayman@umich.edu";"Brazil"
407;"Niki";"Goodee";"M";36;"niki.goodee@dot.gov";"Brazil"
408;"Averell";"Hoy";"M";22;"averell.hoy@networksolutions.com";"Brazil"
409;"Jaymie";"Gregine";"M";48;"jaymie.gregine@vistaprint.com";"Brazil"
410;"Reinaldos";"Rishworth";"M";29;"reinaldos.rishworth@google.pl";"Nigeria"
411;"Anastassia";"McGeraghty";"F";40;"anastassia.mcgeraghty@sun.com";"Egypt"
412;"Joyce";"Cradduck";"F";21;"joyce.cradduck@sun.com";"Brazil"
413;"Truda";"Tanti";"F";38;"truda.tanti@yelp.com";"Brazil"
414;"Prescott";"Hardesty";"M";31;"prescott.hardesty@wordpress.com";"Brazil"
415;"Brendan";"Stockney";"M";40;"brendan.stockney@gmpg.org";"Brazil"
416;"Sheffie";"Signe";"M";70;"sheffie.signe@walmart.com";"Brazil"
417;"Trenton";"Jakoviljevic";"M";40;"trenton.jakoviljevic@wikia.com";"Austria"
418;"Kilian";"Bonde";"M";36;"kilian.bonde@clickbank.net";"Brazil"
419;"Glenden";"Hazelby";"M";58;"glenden.hazelby@w3.org";"Brazil"
420;"Eva";"Jonsson";"F";85;"eva.jonsson@adobe.com";"Brazil"
421;"Kaylyn";"Bruinsma";"F";48;"kaylyn.bruinsma@eepurl.com";"Malaysia"
422;"Nora";"Pavic";"F";69;"nora.pavic@furl.net";"Brazil"
423;"Van";"Robson";"F";32;"van.robson@plala.or.jp";"Brazil"
424;"Albrecht";"Bartram";"M";47;"albrecht.bartram@dailymotion.com";"Albania"
425;"Lotti";"Galletly";"F";25;"lotti.galletly@cnn.com";"Nigeria"
426;"Marty";"Cordobes";"M";31;"marty.cordobes@google.de";"Bolivia"
427;"Manfred";"Rosenbloom";"M";60;"manfred.rosenbloom@wordpress.com";"Brazil"
428;"Enriqueta";"Cheney";"F";81;"enriqueta.cheney@ocn.ne.jp";"Nigeria"
429;"Wilton";"Paulley";"M";33;"wilton.paulley@cpanel.net";"Nigeria"
430;"Cheslie";"Leneham";"F";40;"cheslie.leneham@dmoz.org";"Brazil"
431;"Sonja";"Oseman";"F";76;"sonja.oseman@tuttocitta.it";"Nigeria"
432;"Lion";"Caulliere";"M";57;"lion.caulliere@epa.gov";"Brazil"
433;"Sarita";"Marrion";"F";77;"sarita.marrion@hc360.com";"Albania"
434;"Mariele";"Scare";"F";62;"mariele.scare@geocities.com";"Albania"
435;"Vilma";"Gossan";"F";80;"vilma.gossan@tamu.edu";"Brazil"
436;"Giraud";"Buttrum";"M";56;"giraud.buttrum@sun.com";"Brazil"
437;"Minny";"Camden";"F";56;"minny.camden@etsy.com";"Brazil"
438;"Trevor";"Gotch";"M";45;"trevor.gotch@rambler.ru";"Albania"
439;"Harwell";"Raulston";"M";58;"harwell.raulston@issuu.com";"Brazil"
440;"Tiff";"Arton";"F";41;"tiff.arton@wisc.edu";"Brazil"
441;"Hewe";"Beastall";"M";25;"hewe.beastall@umich.edu";"Brazil"
442;"Asia";"McKinnell";"F";37;"asia.mckinnell@xrea.com";"Brazil"
443;"Leann";"Elliff";"F";26;"leann.elliff@springer.com";"Malaysia"
444;"Angelica";"Gabotti";"F";76;"angelica.gabotti@skyrock.com";"Brazil"
445;"Dario";"Levermore";"M";31;"dario.levermore@biblegateway.com";"Nigeria"
446;"Gustie";"Hawkings";"F";52;"gustie.hawkings@narod.ru";"Bolivia"
447;"Darell";"Lilie";"F";76;"darell.lilie@xinhuanet.com";"Brazil"
448;"Ansley";"Broxap";"F";61;"ansley.broxap@nps.gov";"Brazil"
449;"Shelba";"Goane";"F";31;"shelba.goane@un.org";"Brazil"
450;"Kariotta";"MacTrustram";"F";53;"kariotta.mactrustram@so-net.ne.jp";"Bolivia"
451;"Krystal";"Paolucci";"F";83;"krystal.paolucci@answers.com";"Brazil"
452;"Roi";"Pottiphar";"M";84;"roi.pottiphar@omniture.com";"Nigeria"
453;"Eustace";"Madine";"M";74;"eustace.madine@slideshare.net";"Brazil"
454;"Cyndi";"Nayshe";"F";80;"cyndi.nayshe@merriam-webster.com";"Albania"
455;"Kelby";"Arkley";"M";56;"kelby.arkley@joomla.org";"Cameroon"
456;"Amelina";"Payler";"F";75;"amelina.payler@google.ru";"Brazil"
457;"Arlena";"Brammar";"F";63;"arlena.brammar@cloudflare.com";"Egypt"
458;"Ashlee";"De Bernardi";"F";78;"ashlee.de bernardi@acquirethisname.com";"Brazil"
459;"Joy";"Crothers";"F";29;"joy.crothers@e-recht24.de";"Nigeria"
460;"Astra";"Mealand";"F";29;"astra.mealand@chron.com";"Nigeria"
461;"Ashley";"Ivett";"F";55;"ashley.ivett@examiner.com";"Brazil"
462;"Doris";"Achrameev";"F";71;"doris.achrameev@redcross.org";"Malaysia"
463;"Omero";"McHugh";"M";51;"omero.mchugh@google.co.jp";"Brazil"
464;"Judas";"Stonnell";"M";58;"judas.stonnell@wsj.com";"Brazil"
465;"Bary";"Halls";"M";26;"bary.halls@dropbox.com";"Brazil"
466;"Vince";"Wheal";"M";52;"vince.wheal@t-online.de";"Brazil"
467;"Karisa";"Oyley";"F";66;"karisa.oyley@live.com";"Brazil"
468;"Cookie";"Wyles";"F";40;"cookie.wyles@weibo.com";"Brazil"
469;"Clayborn";"Rack";"M";77;"clayborn.rack@desdev.cn";"Brazil"
470;"Sherill";"Hastwall";"F";26;"sherill.hastwall@issuu.com";"Brazil"
471;"Shawna";"Edwick";"F";26;"shawna.edwick@booking.com";"Brazil"
472;"Quinton";"Lamberts";"M";45;"quinton.lamberts@squidoo.com";"Brazil"
473;"Parker";"Leonardi";"M";38;"parker.leonardi@tuttocitta.it";"Brazil"
474;"Vic";"Gash";"M";48;"vic.gash@amazonaws.com";"Albania"
475;"Laurene";"Vassie";"F";62;"laurene.vassie@baidu.com";"Nigeria"
476;"Charmine";"Fritschel";"F";61;"charmine.fritschel@multiply.com";"Malaysia"
477;"Vonni";"Anstead";"F";48;"vonni.anstead@google.it";"Brazil"
478;"Isak";"O'Deoran";"M";53;"isak.o'deoran@cloudflare.com";"Egypt"
479;"Delmer";"O'Criane";"M";63;"delmer.o'criane@ted.com";"Brazil"
480;"Ash";"Mitcham";"M";26;"ash.mitcham@g.co";"Brazil"
481;"Bess";"Chadband";"F";64;"bess.chadband@umn.edu";"Brazil"
482;"Rowe";"Paz";"F";18;"rowe.paz@technorati.com";"Brazil"
483;"Gavrielle";"Tuffrey";"F";43;"gavrielle.tuffrey@noaa.gov";"Brazil"
484;"Shel";"Duckering";"F";64;"shel.duckering@plala.or.jp";"Brazil"
485;"Jody";"Handrick";"M";43;"jody.handrick@craigslist.org";"Brazil"
486;"Bald";"Eastby";"M";83;"bald.eastby@facebook.com";"Brazil"
487;"Tremaine";"Humphries";"M";73;"tremaine.humphries@delicious.com";"Brazil"
488;"Sebastien";"Kick";"M";77;"sebastien.kick@sciencedaily.com";"Malaysia"
489;"Rriocard";"Sallarie";"M";81;"rriocard.sallarie@mlb.com";"Brazil"
490;"Rycca";"Leivesley";"F";61;"rycca.leivesley@trellian.com";"Brazil"
491;"Danila";"Ginsie";"F";48;"danila.ginsie@gizmodo.com";"Albania"
492;"Kare";"Lune";"F";22;"kare.lune@qq.com";"Brazil"
493;"Klement";"Imlacke";"M";59;"klement.imlacke@spotify.com";"Albania"
494;"Arney";"Jaffray";"M";29;"arney.jaffray@friendfeed.com";"Brazil"
495;"Florri";"Million";"F";18;"florri.million@ft.com";"Brazil"
496;"Maurise";"Elmer";"M";60;"maurise.elmer@multiply.com";"Brazil"
497;"Ruddie";"Robley";"M";59;"ruddie.robley@csmonitor.com";"Nigeria"
498;"Hugues";"Roberts";"M";85;"hugues.roberts@forbes.com";"Brazil"
499;"Ramsay";"Bowness";"M";62;"ramsay.bowness@networkadvertising.org";"Brazil"
500;"Viole";"Lonergan";"F";28;"viole.lonergan@businessinsider.com";"Egypt"
