"order_id";"customer_id";"product_id";"supplier_id";"quantity";"order_date";"shipping_address";"payment_method";"status";"tracking_number";"shipment_date"
1;360;121;39;48;"2022-02-23";"3378 Holy Cross Park";"PayPal";"delivered";"66336-720";"2022-04-23"
2;184;144;2;15;"2022-10-17";"686 Victoria Way";"credit card";"delivered";"55312-886";"2022-10-31"
3;326;143;18;2;"2021-03-30";"6 Redwing Pass";"credit card";"shipped";"0268-0802";"2021-05-30"
4;374;41;49;9;"2021-09-13";"73405 Kedzie Court";"debit card";"processing";"36987-3031";"2021-11-13"
5;28;193;14;28;"2023-12-07";"8 Fallview Junction";"PayPal";"delivered";"0054-4650";"2024-02-07"
6;247;46;30;8;"2020-03-02";"75207 Thierer Junction";"debit card";"pending";"63323-272";""
7;496;103;35;9;"2022-03-05";"156 Gina Plaza";"debit card";"processing";"34460-6003";"2022-05-05"
8;446;17;3;32;"2020-07-11";"9 Ridgeview Terrace";"debit card";"processing";"49349-056";"2020-09-11"
9;154;183;43;37;"2022-01-05";"046 Ronald Regan Point";"debit card";"processing";"67544-567";"2022-03-05"
10;74;50;27;3;"2022-05-16";"659 Kennedy Circle";"debit card";"delivered";"50126-001";"2022-07-16"
11;67;158;34;27;"2022-10-15";"744 Homewood Drive";"PayPal";"delivered";"63323-117";"2022-12-15"
12;229;154;40;44;"2022-02-06";"09 Welch Park";"debit card";"shipped";"63736-919";"2022-02-27"
13;358;113;46;29;"2023-11-19";"2 Southridge Park";"credit card";"processing";"49288-0385";"2024-01-19"
14;132;93;42;9;"2021-11-23";"62149 Haas Court";"PayPal";"delivered";"55312-369";"2022-01-23"
15;84;159;14;22;"2022-08-22";"80 Schmedeman Pass";"PayPal";"delivered";"21695-949";"2022-10-22"
16;471;197;36;41;"2022-07-17";"1507 Cody Plaza";"credit card";"pending";"43948-5001";""
17;174;104;2;38;"2021-11-19";"747 Acker Junction";"PayPal";"processing";"59995-002";"2021-12-17"
18;469;178;12;19;"2023-01-01";"77 Crest Line Drive";"credit card";"delivered";"68645-463";"2023-03-01"
19;172;93;24;10;"2020-10-23";"7 Monument Avenue";"debit card";"delivered";"37808-535";"2020-12-23"
20;470;127;41;48;"2020-10-30";"72 Bobwhite Plaza";"credit card";"processing";"68151-2870";"2020-12-30"
21;83;42;29;28;"2021-01-18";"2 Rowland Crossing";"credit card";"shipped";"52731-7010";"2021-03-18"
22;400;98;29;2;"2023-04-01";"31002 Sheridan Parkway";"PayPal";"processing";"55390-357";"2023-06-01"
23;287;117;21;22;"2023-06-07";"38113 6th Drive";"debit card";"delivered";"68788-0408";"2023-08-07"
24;44;14;21;24;"2022-09-23";"98 Bonner Court";"debit card";"delivered";"30142-096";"2022-11-23"
25;209;64;41;6;"2023-12-24";"4320 Sundown Street";"debit card";"shipped";"29300-243";"2024-02-24"
26;442;77;1;39;"2023-06-08";"3250 Roth Trail";"debit card";"pending";"61010-5500";""
27;458;195;45;25;"2021-08-23";"00427 Heath Court";"credit card";"shipped";"63629-2548";"2021-10-23"
28;368;111;44;45;"2021-05-14";"21311 Fallview Court";"debit card";"delivered";"0363-0701";"2021-05-28"
29;357;31;16;27;"2020-06-25";"5237 Green Ridge Trail";"credit card";"processing";"63304-905";"2020-08-25"
30;50;192;17;46;"2023-07-19";"774 Corry Terrace";"PayPal";"delivered";"67046-604";"2023-09-19"
31;456;95;43;2;"2023-01-23";"433 Donald Court";"debit card";"processing";"49781-065";"2023-03-23"
32;347;98;6;38;"2022-06-22";"35099 Sauthoff Plaza";"debit card";"processing";"51672-2116";"2022-07-20"
33;159;103;27;9;"2022-12-20";"3823 Truax Plaza";"PayPal";"pending";"0093-8522";""
34;344;18;42;6;"2022-12-08";"86 Stephen Point";"credit card";"delivered";"0009-5178";"2022-12-22"
35;54;94;17;38;"2020-03-03";"6476 Roxbury Point";"PayPal";"delivered";"42507-090";"2020-05-03"
36;447;120;20;36;"2021-09-14";"5 Morning Street";"debit card";"delivered";"59779-473";"2021-11-14"
37;118;196;26;15;"2023-06-29";"10 Main Avenue";"PayPal";"pending";"64942-1214";""
38;314;67;27;48;"2020-07-26";"3452 Stoughton Place";"debit card";"pending";"52125-082";""
39;278;185;9;38;"2021-05-06";"5157 7th Junction";"PayPal";"shipped";"0904-3017";"2021-07-06"
40;497;144;47;46;"2021-11-06";"89059 Lighthouse Bay Circle";"debit card";"shipped";"59078-044";"2021-11-27"
41;475;80;18;18;"2023-11-24";"5 Spenser Pass";"PayPal";"pending";"0268-1081";""
42;499;194;48;29;"2021-11-23";"100 Mcguire Junction";"debit card";"pending";"50436-6312";""
43;232;196;30;6;"2022-03-06";"77252 Clove Street";"credit card";"pending";"54973-0625";""
44;420;187;30;28;"2022-04-26";"612 Welch Place";"credit card";"pending";"51079-622";""
45;86;67;41;17;"2022-05-12";"6562 Katie Drive";"PayPal";"pending";"66689-401";""
46;138;124;36;26;"2020-07-16";"77 Merchant Alley";"PayPal";"shipped";"52815-125";"2020-09-16"
47;330;164;45;30;"2023-12-06";"824 Crowley Point";"debit card";"delivered";"51769-890";"2023-12-20"
48;485;153;1;28;"2022-10-03";"792 Anthes Trail";"credit card";"delivered";"16571-421";"2022-12-03"
49;90;144;49;31;"2020-05-01";"06548 Aberg Place";"credit card";"processing";"0378-0355";"2020-05-29"
50;396;68;50;34;"2021-12-30";"1 Messerschmidt Lane";"credit card";"delivered";"68927-3491";"2022-02-28"
51;288;38;8;33;"2023-08-24";"94 Meadow Ridge Court";"PayPal";"shipped";"70253-018";"2023-10-24"
52;285;118;46;16;"2020-08-16";"039 Clarendon Hill";"credit card";"pending";"0409-2304";""
53;164;49;5;23;"2020-08-16";"220 Village Lane";"debit card";"shipped";"41520-336";"2020-09-06"
54;160;51;5;38;"2023-04-09";"97046 Dottie Parkway";"PayPal";"processing";"21695-712";"2023-05-07"
55;322;190;49;18;"2022-03-11";"650 Sachtjen Way";"PayPal";"pending";"55111-255";""
56;387;119;40;49;"2023-12-17";"1 Ridge Oak Alley";"credit card";"processing";"49999-418";"2024-02-17"
57;299;85;33;14;"2022-02-27";"40 Emmet Terrace";"debit card";"shipped";"52125-076";"2022-03-20"
58;431;187;2;8;"2020-10-07";"247 Forest Run Point";"credit card";"processing";"76454-101";"2020-11-04"
59;204;118;40;30;"2022-07-29";"3 Mallard Junction";"debit card";"shipped";"24653-310";"2022-09-29"
60;36;131;27;40;"2020-11-07";"12 Kedzie Hill";"credit card";"delivered";"42254-056";"2021-01-07"
61;55;159;30;43;"2021-05-19";"52 Melody Lane";"debit card";"processing";"0378-7187";"2021-06-16"
62;215;134;27;8;"2022-10-21";"58 Crownhardt Park";"debit card";"delivered";"54868-3849";"2022-12-21"
63;127;157;12;46;"2023-09-12";"1933 Vermont Parkway";"debit card";"shipped";"11822-0207";"2023-10-03"
64;112;175;5;34;"2023-07-10";"94 Holy Cross Center";"PayPal";"shipped";"50436-3897";"2023-07-31"
65;41;48;6;37;"2021-10-01";"705 Dottie Crossing";"debit card";"pending";"63824-861";""
66;111;65;16;9;"2020-08-20";"49978 Barnett Junction";"debit card";"processing";"63629-5233";"2020-10-20"
67;159;189;44;18;"2020-09-23";"55 Northport Park";"PayPal";"shipped";"60505-6025";"2020-11-23"
68;312;112;35;9;"2023-06-14";"6 Westend Drive";"credit card";"delivered";"57955-6147";"2023-06-28"
69;154;162;38;7;"2022-06-13";"0853 Amoth Point";"PayPal";"pending";"63044-401";""
70;297;129;1;26;"2023-08-26";"452 Spenser Drive";"credit card";"shipped";"62756-826";"2023-09-16"
71;487;107;7;8;"2020-08-17";"5987 Quincy Lane";"debit card";"shipped";"68084-498";"2020-10-17"
72;173;36;14;39;"2023-01-23";"1186 Maryland Road";"debit card";"shipped";"49702-224";"2023-02-13"
73;20;51;21;49;"2022-04-28";"50842 Gina Crossing";"credit card";"delivered";"0187-2617";"2022-06-28"
74;222;58;18;12;"2022-12-21";"348 Beilfuss Way";"PayPal";"pending";"55154-5465";""
75;308;5;14;34;"2021-01-23";"608 Waxwing Road";"debit card";"delivered";"12090-0061";"2021-03-23"
76;412;86;46;42;"2020-06-04";"79 Katie Terrace";"debit card";"shipped";"54868-6138";"2020-08-04"
77;77;198;31;15;"2023-02-03";"0 Nobel Trail";"PayPal";"processing";"21695-384";"2023-04-03"
78;193;30;26;7;"2021-04-08";"06442 Village Green Crossing";"credit card";"shipped";"68462-159";"2021-06-08"
79;464;9;40;31;"2022-03-06";"38 Cordelia Trail";"PayPal";"pending";"0591-2466";""
80;289;5;14;13;"2023-10-14";"57575 Steensland Avenue";"credit card";"delivered";"62856-250";"2023-12-14"
81;139;119;34;22;"2022-01-25";"49486 Springview Way";"credit card";"shipped";"25010-710";"2022-03-25"
82;161;11;11;20;"2021-05-19";"31 Waxwing Point";"PayPal";"delivered";"54868-5101";"2021-07-19"
83;241;61;48;8;"2020-08-20";"99 Fairfield Terrace";"PayPal";"delivered";"10544-098";"2020-10-20"
84;350;68;28;24;"2020-11-30";"1 Forster Trail";"debit card";"delivered";"48951-4039";"2021-01-30"
85;432;3;27;36;"2020-11-12";"575 Buell Court";"credit card";"shipped";"13734-109";"2021-01-12"
86;490;157;15;33;"2020-09-09";"20199 Buena Vista Hill";"credit card";"processing";"63323-692";"2020-11-09"
87;75;2;35;29;"2020-12-30";"3304 Pierstorff Court";"debit card";"delivered";"0268-6135";"2021-02-28"
88;57;161;31;33;"2020-04-24";"35827 Maryland Crossing";"credit card";"delivered";"75981-124";"2020-05-08"
89;139;128;40;47;"2023-05-22";"8 Jenna Plaza";"debit card";"pending";"36987-1139";""
90;482;43;47;30;"2020-01-02";"59 Service Terrace";"debit card";"processing";"51346-133";"2020-03-02"
91;444;191;16;1;"2021-10-20";"69394 Warbler Point";"debit card";"shipped";"49349-018";"2021-12-20"
92;439;163;27;37;"2022-03-16";"847 Fairfield Trail";"credit card";"shipped";"24385-210";"2022-05-16"
93;83;1;17;49;"2023-09-02";"01974 Artisan Drive";"credit card";"processing";"47682-020";"2023-11-02"
94;331;199;26;26;"2021-10-02";"710 Westend Place";"credit card";"pending";"10237-801";""
95;337;36;42;14;"2021-10-29";"53 Butterfield Pass";"credit card";"delivered";"36800-532";"2021-12-29"
96;410;31;3;47;"2022-06-13";"4 School Alley";"debit card";"shipped";"60505-2526";"2022-07-04"
97;68;67;24;32;"2021-01-11";"45 Ludington Terrace";"PayPal";"shipped";"68745-1101";"2021-03-11"
98;149;43;17;28;"2022-07-16";"9757 Lerdahl Point";"debit card";"shipped";"43596-0003";"2022-09-16"
99;381;151;9;29;"2023-08-03";"2 Troy Plaza";"PayPal";"pending";"49288-0245";""
100;39;94;2;27;"2023-06-05";"5228 Surrey Lane";"PayPal";"delivered";"68084-158";"2023-08-05"
101;292;137;21;3;"2020-02-08";"204 Katie Crossing";"credit card";"processing";"0069-2970";"2020-04-08"
102;244;160;7;37;"2021-08-10";"0523 Bonner Place";"credit card";"processing";"57520-0190";"2021-10-10"
103;488;148;49;28;"2020-07-05";"224 Derek Lane";"PayPal";"processing";"0091-4085";"2020-09-05"
104;104;39;39;32;"2022-02-12";"3435 Hudson Hill";"debit card";"pending";"50458-860";""
105;105;78;47;34;"2023-01-27";"10 Hagan Junction";"PayPal";"shipped";"68788-9668";"2023-03-27"
106;131;5;29;24;"2023-02-23";"4151 Tennessee Point";"debit card";"pending";"42002-212";""
107;436;177;44;50;"2022-06-07";"02 International Terrace";"credit card";"pending";"68180-468";""
108;344;33;10;21;"2023-01-13";"7347 Leroy Circle";"credit card";"pending";"69221-201";""
109;382;68;50;49;"2022-07-07";"72 Fairview Park";"debit card";"pending";"36987-1193";""
110;471;26;17;6;"2022-02-07";"20180 Homewood Trail";"debit card";"shipped";"48951-5016";"2022-04-07"
111;330;171;43;49;"2021-08-27";"5343 Del Sol Drive";"credit card";"pending";"54868-4651";""
112;177;187;47;33;"2021-07-22";"682 Hoard Trail";"credit card";"delivered";"62756-143";"2021-09-22"
113;107;27;27;41;"2021-07-09";"9505 Claremont Crossing";"debit card";"shipped";"13537-011";"2021-09-09"
114;12;29;17;17;"2020-06-28";"89 Morningstar Point";"debit card";"delivered";"11673-022";"2020-08-28"
115;127;128;45;46;"2021-03-24";"9 Little Fleur Hill";"credit card";"delivered";"65517-0001";"2021-04-07"
116;162;116;47;12;"2020-06-18";"076 Maywood Park";"credit card";"processing";"59779-206";"2020-08-18"
117;49;85;15;40;"2020-02-19";"69 Toban Point";"PayPal";"pending";"22431-210";""
118;410;108;10;42;"2022-12-01";"03 Pawling Plaza";"PayPal";"pending";"35356-819";""
119;473;17;50;38;"2020-02-10";"02 Ruskin Park";"PayPal";"shipped";"0268-6524";"2020-04-10"
120;392;72;19;12;"2023-11-19";"2 John Wall Trail";"debit card";"processing";"0591-2230";"2023-12-17"
121;173;85;28;40;"2022-09-09";"16823 Ridge Oak Way";"debit card";"processing";"46123-041";"2022-10-07"
122;495;51;21;46;"2020-12-05";"367 Autumn Leaf Lane";"debit card";"processing";"43074-105";"2021-02-05"
123;200;97;13;12;"2021-06-20";"72 Lunder Center";"PayPal";"pending";"49999-207";""
124;152;121;46;26;"2020-02-14";"98256 Northland Avenue";"PayPal";"shipped";"35356-712";"2020-04-14"
125;420;156;20;38;"2022-12-27";"9 Welch Alley";"debit card";"processing";"75977-8149";"2023-02-27"
126;364;22;30;26;"2022-04-30";"4 Rigney Point";"debit card";"pending";"59762-3120";""
127;421;200;50;11;"2020-02-06";"6908 Lakeland Plaza";"credit card";"delivered";"0093-7208";"2020-04-06"
128;194;57;27;16;"2022-08-21";"4277 Victoria Terrace";"debit card";"processing";"63187-148";"2022-10-21"
129;446;118;7;44;"2021-11-04";"0 Clarendon Street";"credit card";"delivered";"53675-134";"2022-01-04"
130;358;29;45;12;"2021-09-10";"92117 Scott Hill";"credit card";"pending";"63629-4685";""
131;469;192;11;26;"2023-09-18";"35 Elka Court";"PayPal";"delivered";"54641-006";"2023-11-18"
132;239;111;24;41;"2020-04-16";"7515 Butternut Way";"debit card";"delivered";"51447-1256";"2020-04-30"
133;382;97;26;14;"2020-05-06";"9 Leroy Junction";"PayPal";"delivered";"59779-070";"2020-07-06"
134;172;168;29;1;"2023-02-05";"74 Fremont Park";"PayPal";"pending";"25021-402";""
135;230;24;27;33;"2020-02-21";"5 Heath Junction";"PayPal";"processing";"63629-5042";"2020-03-20"
136;448;182;10;48;"2020-08-16";"43 Brickson Park Court";"credit card";"shipped";"53746-253";"2020-10-16"
137;339;142;31;33;"2023-05-15";"05760 Dapin Parkway";"credit card";"processing";"52584-910";"2023-07-15"
138;487;170;30;7;"2023-01-25";"4792 7th Alley";"PayPal";"shipped";"50436-9988";"2023-03-25"
139;210;110;34;14;"2021-11-10";"36727 Village Green Way";"debit card";"shipped";"63187-014";"2022-01-10"
140;481;36;23;45;"2023-07-13";"71 Lindbergh Lane";"credit card";"pending";"0054-0108";""
141;229;26;17;4;"2021-11-09";"555 Old Gate Hill";"debit card";"pending";"43596-0005";""
142;45;107;29;8;"2021-06-14";"9 Ruskin Point";"debit card";"shipped";"54868-5271";"2021-08-14"
143;495;67;22;39;"2021-12-25";"181 Stephen Plaza";"debit card";"processing";"60429-260";"2022-02-25"
144;147;72;41;46;"2020-08-17";"9 Ludington Terrace";"PayPal";"delivered";"61748-201";"2020-10-17"
145;136;60;42;31;"2022-11-17";"51 Dunning Trail";"debit card";"delivered";"65162-765";"2022-12-01"
146;158;80;9;17;"2022-05-21";"86056 Crescent Oaks Trail";"PayPal";"processing";"17575-020";"2022-06-18"
147;19;52;48;36;"2021-07-24";"059 Roth Circle";"PayPal";"delivered";"43857-0167";"2021-09-24"
148;290;88;16;37;"2021-04-17";"40263 Northland Lane";"PayPal";"shipped";"0270-0149";"2021-06-17"
149;329;64;36;27;"2023-06-27";"5 Northview Pass";"PayPal";"pending";"58238-226";""
150;17;163;2;42;"2021-04-29";"470 Elgar Trail";"PayPal";"processing";"0904-0789";"2021-06-29"
151;122;118;1;11;"2020-05-08";"45 Luster Drive";"debit card";"delivered";"51655-051";"2020-07-08"
152;277;189;36;13;"2021-01-31";"292 Alpine Court";"debit card";"processing";"0179-1470";"2021-03-31"
153;244;184;14;44;"2023-09-01";"25927 Esker Point";"credit card";"processing";"50685-001";"2023-11-01"
154;304;199;18;16;"2023-01-26";"30 Morningstar Plaza";"credit card";"delivered";"60681-0113";"2023-03-26"
155;423;61;2;2;"2020-07-17";"65 Dryden Lane";"PayPal";"pending";"42023-112";""
156;234;92;2;33;"2022-04-17";"80 Jana Parkway";"credit card";"pending";"13537-264";""
157;218;194;2;39;"2023-03-22";"9 Bobwhite Lane";"debit card";"pending";"60505-0363";""
158;403;37;19;10;"2023-12-08";"4297 Sachtjen Drive";"PayPal";"pending";"35356-118";""
159;178;142;15;45;"2023-12-03";"6478 Mcguire Trail";"debit card";"processing";"55863-281";"2024-02-03"
160;220;145;36;15;"2020-07-08";"8 Stuart Street";"PayPal";"delivered";"0781-1971";"2020-09-08"
161;438;61;28;25;"2021-11-04";"6453 American Avenue";"credit card";"delivered";"0591-3965";"2022-01-04"
162;45;144;15;47;"2021-02-07";"0949 Cardinal Street";"PayPal";"delivered";"51386-721";"2021-04-07"
163;92;190;32;5;"2023-06-21";"59 Clemons Circle";"credit card";"shipped";"52686-310";"2023-08-21"
164;217;93;7;14;"2022-04-17";"7033 Merry Avenue";"debit card";"pending";"0378-8107";""
165;71;132;42;47;"2021-07-05";"845 Sycamore Court";"credit card";"shipped";"41520-139";"2021-09-05"
166;65;53;40;18;"2021-01-24";"732 Vera Pass";"credit card";"delivered";"49884-055";"2021-03-24"
167;460;181;43;30;"2023-07-22";"5 Canary Court";"credit card";"shipped";"59779-766";"2023-08-12"
168;236;200;3;9;"2021-01-12";"27 Carpenter Alley";"credit card";"pending";"51987-0002";""
169;395;86;39;20;"2020-11-15";"556 Stang Point";"debit card";"processing";"51655-099";"2021-01-15"
170;186;165;14;23;"2020-05-06";"91253 Crest Line Pass";"credit card";"pending";"60429-295";""
171;344;100;31;17;"2022-08-26";"8243 Graceland Pass";"debit card";"pending";"61919-214";""
172;264;48;24;42;"2023-10-27";"828 Forster Junction";"PayPal";"delivered";"68084-273";"2023-12-27"
173;404;183;11;24;"2023-09-18";"0714 Fordem Avenue";"credit card";"shipped";"50436-4624";"2023-11-18"
174;250;66;42;35;"2020-09-18";"46178 Schmedeman Way";"credit card";"shipped";"0093-7153";"2020-11-18"
175;219;191;42;15;"2023-11-28";"3792 Carpenter Hill";"PayPal";"processing";"59779-101";"2024-01-28"
176;427;120;1;40;"2021-10-21";"164 Emmet Plaza";"debit card";"delivered";"34362-0232";"2021-12-21"
177;138;90;50;43;"2023-03-02";"01 Vermont Point";"debit card";"processing";"49349-409";"2023-05-02"
178;270;29;43;23;"2022-07-29";"6 Macpherson Point";"PayPal";"delivered";"55154-2452";"2022-09-29"
179;328;56;44;50;"2021-02-05";"8 Eagan Trail";"credit card";"shipped";"0268-6115";"2021-02-26"
180;471;110;3;9;"2020-02-23";"1 Blue Bill Park Point";"PayPal";"pending";"62670-3635";""
181;484;8;42;47;"2022-08-28";"87457 Wayridge Court";"debit card";"delivered";"36987-1604";"2022-10-28"
182;180;106;34;49;"2023-04-21";"344 Eggendart Trail";"debit card";"shipped";"0338-0441";"2023-06-21"
183;76;58;35;32;"2023-10-01";"3698 Knutson Avenue";"debit card";"processing";"10139-321";"2023-12-01"
184;103;44;8;18;"2021-08-12";"153 Heffernan Plaza";"PayPal";"processing";"60760-371";"2021-09-09"
185;19;155;25;50;"2021-03-18";"815 Corben Drive";"PayPal";"delivered";"51655-214";"2021-05-18"
186;340;44;1;43;"2020-08-23";"197 Rusk Hill";"debit card";"shipped";"59886-355";"2020-10-23"
187;142;79;32;41;"2023-04-07";"2838 Glacier Hill Parkway";"PayPal";"shipped";"11084-232";"2023-06-07"
188;325;171;45;14;"2022-05-02";"267 Donald Lane";"PayPal";"processing";"53499-5090";"2022-07-02"
189;31;133;16;6;"2021-03-11";"2966 Forest Run Drive";"debit card";"shipped";"52862-003";"2021-05-11"
190;155;50;46;49;"2023-07-27";"31903 Westerfield Park";"debit card";"processing";"43269-779";"2023-09-27"
191;500;145;38;25;"2021-06-30";"435 Sommers Lane";"debit card";"processing";"68152-102";"2021-07-28"
192;19;130;31;14;"2023-12-24";"75746 Drewry Way";"debit card";"delivered";"66975-350";"2024-02-24"
193;253;44;29;4;"2020-06-06";"79 6th Park";"debit card";"shipped";"55154-0370";"2020-08-06"
194;29;153;8;20;"2023-04-21";"1464 Packers Terrace";"credit card";"delivered";"10631-332";"2023-06-21"
195;433;101;46;41;"2022-05-15";"4 Union Point";"PayPal";"processing";"52584-474";"2022-07-15"
196;39;115;47;21;"2020-06-11";"616 Pearson Place";"PayPal";"processing";"68987-003";"2020-08-11"
197;437;44;22;16;"2022-04-14";"00681 Cherokee Alley";"credit card";"shipped";"36987-1226";"2022-06-14"
198;96;15;27;23;"2021-08-24";"7 Northwestern Court";"credit card";"processing";"54569-3372";"2021-10-24"
199;296;55;43;6;"2021-05-31";"160 Canary Circle";"credit card";"delivered";"10337-061";"2021-07-31"
200;98;39;14;44;"2023-07-21";"4898 Kinsman Terrace";"PayPal";"pending";"48883-002";""
201;188;121;27;39;"2020-06-29";"717 Canary Parkway";"debit card";"delivered";"50436-0916";"2020-08-29"
202;339;127;42;8;"2020-10-06";"00789 Eagle Crest Circle";"credit card";"processing";"51991-467";"2020-12-06"
203;318;145;47;47;"2021-01-12";"010 Service Pass";"PayPal";"shipped";"51209-004";"2021-03-12"
204;67;182;49;33;"2020-06-04";"6 Lunder Plaza";"debit card";"shipped";"53808-1046";"2020-08-04"
205;235;60;4;10;"2021-03-16";"2917 Division Terrace";"PayPal";"shipped";"50241-141";"2021-05-16"
206;147;26;3;9;"2020-08-31";"42 Mayer Drive";"credit card";"shipped";"54569-2433";"2020-10-31"
207;352;112;45;3;"2023-05-27";"62 Rockefeller Drive";"credit card";"delivered";"43547-271";"2023-07-27"
208;189;82;40;37;"2020-11-26";"93 Loeprich Court";"credit card";"pending";"17772-103";""
209;64;36;38;4;"2021-02-23";"1888 Crownhardt Pass";"PayPal";"pending";"49349-291";""
210;436;39;34;18;"2022-04-18";"3 Dunning Court";"debit card";"pending";"36800-160";""
211;160;10;8;27;"2023-07-02";"71957 Manley Place";"PayPal";"pending";"65977-5034";""
212;466;178;4;5;"2022-03-27";"099 Quincy Trail";"credit card";"shipped";"0363-1465";"2022-05-27"
213;469;21;26;41;"2021-11-12";"4 6th Park";"debit card";"pending";"41520-766";""
214;54;179;3;45;"2022-08-29";"02 Troy Lane";"debit card";"processing";"44873-002";"2022-10-29"
215;47;85;39;40;"2023-10-27";"88535 Logan Lane";"PayPal";"delivered";"36987-1523";"2023-12-27"
216;163;178;33;43;"2023-11-07";"3 Scoville Terrace";"credit card";"pending";"67296-0651";""
217;128;160;44;24;"2021-03-11";"26007 Petterle Junction";"PayPal";"processing";"24385-463";"2021-05-11"
218;260;73;37;14;"2023-03-01";"4761 Butternut Center";"debit card";"delivered";"63667-957";"2023-05-01"
219;256;64;31;24;"2020-01-17";"91 Clemons Plaza";"PayPal";"delivered";"60505-2761";"2020-03-17"
220;394;192;21;24;"2023-06-20";"2 Kennedy Point";"debit card";"pending";"13733-005";""
221;76;4;38;20;"2023-08-24";"299 Hovde Park";"credit card";"delivered";"64942-1352";"2023-10-24"
222;486;38;9;12;"2022-01-10";"5428 Dawn Hill";"PayPal";"processing";"59779-207";"2022-03-10"
223;358;14;33;16;"2023-07-03";"34 Fairview Way";"PayPal";"delivered";"0268-0620";"2023-09-03"
224;191;196;40;4;"2023-06-11";"49661 Algoma Court";"PayPal";"processing";"49035-150";"2023-07-09"
225;279;113;37;34;"2022-06-01";"9 Blaine Trail";"credit card";"processing";"0093-7671";"2022-08-01"
226;87;36;20;33;"2023-04-03";"427 Meadow Valley Plaza";"credit card";"processing";"16590-259";"2023-06-03"
227;148;4;17;42;"2022-08-13";"9862 Shopko Place";"PayPal";"delivered";"22700-131";"2022-08-27"
228;307;103;50;27;"2021-03-08";"243 Elgar Street";"PayPal";"delivered";"60512-1036";"2021-05-08"
229;133;139;14;33;"2021-05-04";"8469 Carioca Avenue";"credit card";"shipped";"0603-5770";"2021-07-04"
230;355;128;38;20;"2020-06-03";"880 Holy Cross Court";"PayPal";"delivered";"44911-0073";"2020-08-03"
231;463;20;3;45;"2021-06-12";"85 Sutherland Way";"credit card";"delivered";"67143-2101";"2021-08-12"
232;50;77;38;38;"2022-11-21";"25014 Elka Crossing";"debit card";"pending";"68988-110";""
233;275;72;50;50;"2023-01-20";"0217 5th Point";"PayPal";"processing";"51660-423";"2023-03-20"
234;279;107;38;39;"2020-10-13";"87139 Mitchell Terrace";"PayPal";"shipped";"55154-7273";"2020-12-13"
235;89;152;2;44;"2022-02-14";"0 Merry Alley";"debit card";"shipped";"33261-105";"2022-03-07"
236;343;108;23;21;"2020-02-24";"0 Pawling Crossing";"credit card";"delivered";"0904-6278";"2020-04-24"
237;227;44;45;36;"2023-05-10";"7422 Lawn Drive";"debit card";"delivered";"0603-0263";"2023-07-10"
238;468;151;48;40;"2022-03-19";"067 Bultman Avenue";"PayPal";"shipped";"57337-003";"2022-05-19"
239;266;197;42;18;"2022-09-12";"39 Morningstar Pass";"PayPal";"processing";"55312-897";"2022-11-12"
240;331;112;37;40;"2022-02-21";"5242 Amoth Hill";"credit card";"shipped";"55289-307";"2022-04-21"
241;308;45;16;50;"2022-05-28";"491 Westport Circle";"credit card";"shipped";"51079-787";"2022-07-28"
242;81;64;46;47;"2020-04-16";"9881 Bashford Terrace";"credit card";"pending";"47335-820";""
243;178;199;43;48;"2022-09-28";"2016 Mendota Lane";"PayPal";"processing";"49643-303";"2022-11-28"
244;136;133;47;11;"2021-11-14";"8 Sunnyside Lane";"credit card";"delivered";"51060-060";"2021-11-28"
245;45;62;13;29;"2022-12-26";"810 Vermont Court";"debit card";"shipped";"63868-687";"2023-02-26"
246;421;22;40;29;"2022-01-16";"088 Toban Avenue";"debit card";"processing";"36987-1254";"2022-03-16"
247;374;179;6;25;"2022-07-18";"4070 Dovetail Hill";"debit card";"shipped";"49348-930";"2022-09-18"
248;206;156;4;19;"2023-08-26";"90524 Waxwing Terrace";"debit card";"pending";"35000-675";""
249;459;104;43;45;"2022-05-29";"5 Badeau Road";"credit card";"processing";"63941-002";"2022-06-26"
250;449;3;5;39;"2022-05-11";"29406 Brown Court";"credit card";"pending";"64661-811";""
251;10;25;18;43;"2021-10-25";"30 Tomscot Terrace";"credit card";"pending";"55346-0412";""
252;431;65;20;7;"2022-01-05";"5 Sugar Drive";"debit card";"processing";"36800-476";"2022-02-02"
253;189;116;15;38;"2022-10-24";"0 American Ash Avenue";"PayPal";"processing";"0002-3233";"2022-11-21"
254;125;55;46;45;"2021-03-02";"35717 Sullivan Drive";"debit card";"processing";"58468-0120";"2021-05-02"
255;380;186;3;21;"2023-06-11";"24 Thierer Avenue";"debit card";"pending";"48951-8011";""
256;174;92;22;45;"2020-09-30";"964 Corry Alley";"debit card";"processing";"58118-0268";"2020-10-28"
257;329;47;25;5;"2021-10-13";"3119 Doe Crossing Avenue";"credit card";"processing";"13537-336";"2021-12-13"
258;20;179;49;4;"2021-08-08";"47578 Iowa Plaza";"credit card";"shipped";"36987-2211";"2021-10-08"
259;447;180;7;37;"2022-08-05";"1241 Marquette Junction";"credit card";"delivered";"36987-2367";"2022-10-05"
260;370;3;46;3;"2020-02-27";"1 Farmco Center";"debit card";"shipped";"50458-641";"2020-04-27"
261;19;146;39;30;"2021-02-06";"65324 Rieder Junction";"debit card";"pending";"58980-503";""
262;76;28;36;16;"2021-11-23";"091 Jenifer Park";"debit card";"processing";"68084-657";"2022-01-23"
263;413;35;22;22;"2020-03-30";"14184 Nova Junction";"credit card";"shipped";"64495-2365";"2020-05-30"
264;420;93;45;17;"2021-01-08";"22 Fieldstone Road";"PayPal";"shipped";"42858-102";"2021-03-08"
265;331;107;46;38;"2021-09-14";"1 Derek Crossing";"PayPal";"processing";"0363-0903";"2021-11-14"
266;467;103;43;20;"2022-12-03";"13 Dexter Parkway";"PayPal";"delivered";"0904-1257";"2023-02-03"
267;222;113;33;35;"2020-06-02";"163 Blue Bill Park Trail";"PayPal";"pending";"54575-922";""
268;473;159;32;3;"2020-10-26";"0 Nova Lane";"debit card";"processing";"47335-890";"2020-12-26"
269;29;193;46;22;"2021-03-05";"47 Northview Crossing";"PayPal";"pending";"54868-3781";""
270;409;117;6;17;"2020-01-17";"88396 La Follette Crossing";"debit card";"delivered";"68745-1052";"2020-03-17"
271;451;181;35;16;"2020-01-30";"6 Mayer Alley";"credit card";"pending";"0409-3308";""
272;237;136;47;35;"2022-02-26";"60 Sage Terrace";"debit card";"shipped";"63645-161";"2022-04-26"
273;128;162;16;30;"2021-03-23";"1 Sullivan Circle";"PayPal";"pending";"0904-6017";""
274;425;15;28;23;"2021-08-19";"9 Meadow Valley Plaza";"PayPal";"processing";"43473-801";"2021-09-16"
275;180;90;48;49;"2022-10-07";"65 Summit Place";"PayPal";"pending";"68258-6042";""
276;453;164;27;17;"2021-03-14";"73 Acker Avenue";"debit card";"processing";"68113-520";"2021-05-14"
277;396;200;21;44;"2022-02-03";"09 Thierer Crossing";"PayPal";"pending";"61589-6017";""
278;425;49;2;22;"2020-04-21";"5684 Melby Lane";"credit card";"delivered";"67405-500";"2020-05-05"
279;292;32;49;12;"2020-10-23";"269 Norway Maple Place";"PayPal";"shipped";"50268-347";"2020-12-23"
280;474;97;9;35;"2023-09-06";"89205 Haas Court";"debit card";"delivered";"61957-2100";"2023-11-06"
281;282;193;38;47;"2022-05-27";"29 Northview Place";"credit card";"pending";"68016-423";""
282;16;105;25;20;"2021-08-05";"1332 Nancy Place";"credit card";"pending";"43269-775";""
283;339;141;44;32;"2021-09-04";"434 Johnson Hill";"credit card";"delivered";"61957-1601";"2021-11-04"
284;35;122;7;15;"2023-03-09";"291 Petterle Court";"debit card";"processing";"52546-110";"2023-05-09"
285;69;24;24;8;"2023-06-11";"49786 Huxley Pass";"PayPal";"delivered";"61165-1001";"2023-08-11"
286;152;99;19;40;"2022-12-31";"58 Bay Road";"PayPal";"pending";"53808-0389";""
287;223;63;4;13;"2020-08-05";"099 Pine View Trail";"credit card";"processing";"63941-693";"2020-10-05"
288;17;6;35;47;"2021-05-30";"17609 Redwing Parkway";"credit card";"processing";"76354-006";"2021-07-30"
289;193;20;50;8;"2022-04-03";"0382 Ridgeview Point";"debit card";"pending";"43063-245";""
290;146;115;15;17;"2020-11-23";"727 Emmet Alley";"PayPal";"delivered";"43269-880";"2021-01-23"
291;187;186;14;35;"2020-06-20";"1728 Hanover Place";"debit card";"processing";"0615-7544";"2020-08-20"
292;80;81;10;26;"2023-05-27";"2306 Jackson Junction";"debit card";"shipped";"55312-227";"2023-07-27"
293;313;153;33;21;"2023-04-12";"2 Arkansas Center";"credit card";"delivered";"67046-166";"2023-06-12"
294;146;114;28;25;"2022-01-22";"85 Warrior Lane";"PayPal";"processing";"68026-650";"2022-03-22"
295;300;72;9;47;"2023-04-23";"857 Ridgeway Court";"credit card";"delivered";"63148-173";"2023-06-23"
296;233;86;48;39;"2021-02-28";"94801 Derek Street";"debit card";"pending";"69154-040";""
297;291;30;3;38;"2022-05-23";"70789 Walton Plaza";"debit card";"delivered";"52125-305";"2022-07-23"
298;262;83;48;15;"2021-01-02";"06351 School Alley";"PayPal";"delivered";"36800-300";"2021-03-02"
299;395;54;26;9;"2021-11-14";"50821 Main Junction";"credit card";"pending";"0904-5018";""
300;320;167;25;43;"2021-03-29";"56973 Talisman Parkway";"credit card";"delivered";"45264-004";"2021-05-29"
301;163;56;48;28;"2021-11-29";"69927 Mcguire Crossing";"PayPal";"shipped";"0135-0508";"2022-01-29"
302;357;161;35;32;"2021-06-03";"9 Thackeray Hill";"credit card";"pending";"0168-0270";""
303;76;39;26;45;"2021-03-14";"2865 Karstens Center";"debit card";"processing";"25021-209";"2021-05-14"
304;267;170;11;2;"2022-05-01";"012 Gina Way";"credit card";"processing";"10356-101";"2022-07-01"
305;306;136;4;26;"2020-09-23";"4 Coleman Street";"debit card";"pending";"68828-046";""
306;138;189;16;47;"2023-02-11";"57857 Emmet Street";"PayPal";"processing";"62713-802";"2023-04-11"
307;49;49;43;46;"2021-04-19";"17 Walton Point";"credit card";"shipped";"0924-1006";"2021-06-19"
308;223;79;22;7;"2020-08-03";"8880 Mosinee Trail";"PayPal";"pending";"68151-0183";""
309;280;167;18;3;"2022-08-31";"5086 Jenna Junction";"PayPal";"delivered";"36987-1348";"2022-09-14"
310;237;116;22;33;"2022-11-28";"01 Eliot Crossing";"credit card";"shipped";"41520-590";"2023-01-28"
311;224;159;5;3;"2021-01-24";"3711 Michigan Place";"credit card";"pending";"0372-0043";""
312;157;47;8;8;"2022-12-29";"0794 Carey Circle";"PayPal";"shipped";"58118-3780";"2023-02-28"
313;191;27;27;1;"2020-07-30";"1061 Golf Course Terrace";"PayPal";"delivered";"49999-113";"2020-08-13"
314;271;152;26;44;"2020-03-04";"59 Green Ridge Avenue";"credit card";"shipped";"49884-501";"2020-05-04"
315;446;52;18;7;"2023-08-11";"032 Milwaukee Way";"PayPal";"delivered";"37000-120";"2023-10-11"
316;357;159;31;9;"2021-01-28";"6 Myrtle Street";"credit card";"processing";"49781-107";"2021-03-28"
317;303;89;50;24;"2021-01-29";"6 Brickson Park Plaza";"debit card";"pending";"53489-161";""
318;478;150;42;19;"2023-04-18";"13684 1st Court";"credit card";"pending";"17478-547";""
319;374;200;10;18;"2021-02-18";"4494 Bayside Alley";"debit card";"shipped";"0168-0280";"2021-04-18"
320;37;78;43;10;"2020-12-22";"363 American Ash Pass";"PayPal";"pending";"59021-008";""
321;118;140;46;7;"2020-01-07";"7766 Commercial Way";"credit card";"delivered";"24236-448";"2020-03-07"
322;431;84;35;20;"2022-11-13";"5727 Bluejay Drive";"credit card";"processing";"62011-0168";"2022-12-11"
323;201;50;13;14;"2020-03-13";"67660 Hayes Crossing";"debit card";"processing";"36987-1378";"2020-05-13"
324;257;53;31;27;"2020-08-01";"7 Village Green Drive";"credit card";"processing";"21695-425";"2020-08-29"
325;281;47;20;15;"2023-02-21";"91974 Springs Parkway";"credit card";"shipped";"67668-162";"2023-03-14"
326;303;173;29;18;"2022-01-29";"94390 Dryden Road";"debit card";"delivered";"31722-273";"2022-02-12"
327;460;90;2;33;"2023-05-17";"0581 Surrey Park";"PayPal";"pending";"55154-5952";""
328;133;93;5;37;"2020-04-28";"623 Vermont Plaza";"credit card";"pending";"13537-066";""
329;380;39;31;28;"2020-10-01";"6062 Northfield Pass";"debit card";"processing";"68788-8999";"2020-12-01"
330;495;144;37;43;"2021-08-27";"5812 Lerdahl Alley";"credit card";"delivered";"41250-183";"2021-10-27"
331;247;126;13;18;"2020-05-09";"22559 Arrowood Avenue";"credit card";"pending";"61296-002";""
332;174;80;40;12;"2022-07-01";"8 Katie Place";"credit card";"delivered";"49288-0222";"2022-07-15"
333;113;169;31;4;"2022-03-26";"44349 Elka Avenue";"credit card";"processing";"49643-312";"2022-05-26"
334;124;165;19;43;"2020-12-18";"58 Meadow Vale Crossing";"debit card";"pending";"37000-132";""
335;319;128;41;6;"2020-09-27";"768 Granby Drive";"PayPal";"pending";"0093-0149";""
336;177;184;13;43;"2023-04-27";"47 Anderson Hill";"debit card";"processing";"59762-1710";"2023-06-27"
337;348;83;48;12;"2021-05-06";"5378 Lakewood Place";"credit card";"processing";"49999-631";"2021-07-06"
338;423;87;8;27;"2022-04-08";"1 Algoma Parkway";"PayPal";"delivered";"0409-3213";"2022-06-08"
339;45;175;34;40;"2020-05-19";"39 Delaware Avenue";"PayPal";"shipped";"63783-015";"2020-07-19"
340;144;185;29;40;"2020-03-07";"23113 Schurz Way";"PayPal";"processing";"49288-0750";"2020-05-07"
341;238;1;9;4;"2022-12-17";"6 Twin Pines Trail";"credit card";"pending";"50184-6000";""
342;95;4;6;39;"2022-03-19";"1797 Blue Bill Park Trail";"credit card";"pending";"43353-368";""
343;104;21;38;30;"2020-11-22";"373 Ohio Place";"PayPal";"shipped";"50580-134";"2021-01-22"
344;468;169;29;35;"2021-09-16";"623 Messerschmidt Trail";"debit card";"pending";"63941-318";""
345;61;187;1;44;"2023-06-26";"2468 Homewood Hill";"credit card";"shipped";"47124-720";"2023-08-26"
346;291;82;43;48;"2023-07-15";"8417 Sloan Drive";"credit card";"shipped";"0006-4837";"2023-09-15"
347;281;132;17;44;"2023-10-31";"8 Shasta Court";"credit card";"processing";"0615-6557";"2023-11-28"
348;49;16;23;15;"2022-09-13";"18 Caliangt Alley";"credit card";"delivered";"63629-3807";"2022-11-13"
349;213;88;13;27;"2022-10-01";"85 Clemons Terrace";"credit card";"processing";"21695-726";"2022-12-01"
350;355;77;38;31;"2023-01-29";"65 Forster Court";"PayPal";"shipped";"50980-056";"2023-03-29"
351;188;49;32;45;"2020-03-12";"5562 Loftsgordon Park";"credit card";"shipped";"0228-2891";"2020-05-12"
352;374;191;26;2;"2021-03-12";"230 Mccormick Junction";"credit card";"processing";"53329-304";"2021-05-12"
353;38;103;47;19;"2022-08-11";"35822 Heath Point";"debit card";"pending";"36800-070";""
354;351;37;21;33;"2022-09-03";"20 Prentice Hill";"credit card";"delivered";"21695-030";"2022-11-03"
355;169;122;7;21;"2021-12-26";"53 East Crossing";"debit card";"pending";"49527-007";""
356;219;68;21;25;"2022-01-04";"379 Declaration Street";"credit card";"shipped";"41520-656";"2022-03-04"
357;301;105;41;49;"2022-10-20";"1 Claremont Way";"PayPal";"shipped";"40085-842";"2022-12-20"
358;337;197;45;31;"2022-03-26";"10503 Manitowish Pass";"credit card";"pending";"65841-621";""
359;237;61;41;20;"2023-09-28";"1 Bunker Hill Park";"PayPal";"pending";"39313-006";""
360;243;117;38;23;"2020-01-28";"05 Stuart Circle";"PayPal";"delivered";"61722-169";"2020-02-11"
361;376;166;19;6;"2020-02-14";"6 Lighthouse Bay Pass";"PayPal";"shipped";"51079-903";"2020-04-14"
362;283;39;39;9;"2023-03-24";"01 Ruskin Road";"credit card";"shipped";"0573-2400";"2023-05-24"
363;404;99;38;46;"2020-08-27";"6213 East Place";"debit card";"delivered";"63044-154";"2020-10-27"
364;207;3;1;44;"2022-05-03";"4547 Twin Pines Drive";"debit card";"shipped";"0179-0138";"2022-07-03"
365;301;198;2;9;"2021-05-11";"34 Bellgrove Trail";"PayPal";"pending";"21695-136";""
366;398;66;46;30;"2021-02-02";"761 Gerald Road";"PayPal";"delivered";"55111-257";"2021-04-02"
367;93;183;19;20;"2020-03-31";"6 Clove Way";"debit card";"delivered";"21695-501";"2020-05-31"
368;60;59;11;3;"2020-06-02";"0 Charing Cross Terrace";"PayPal";"delivered";"0169-7202";"2020-08-02"
369;100;49;12;10;"2022-06-28";"1 Westport Way";"debit card";"delivered";"76331-904";"2022-08-28"
370;102;68;38;33;"2021-09-08";"30 Transport Park";"PayPal";"shipped";"50436-5606";"2021-11-08"
371;8;95;47;3;"2020-05-23";"584 Barnett Hill";"debit card";"shipped";"0378-3022";"2020-06-13"
372;215;95;38;49;"2023-06-03";"35827 Namekagon Drive";"credit card";"pending";"13537-159";""
373;424;197;35;23;"2021-08-26";"18 Toban Place";"debit card";"shipped";"55154-4938";"2021-10-26"
374;289;20;44;3;"2021-04-26";"32855 Farmco Road";"credit card";"shipped";"61822-0047";"2021-06-26"
375;329;161;2;50;"2022-01-31";"63123 Welch Trail";"debit card";"processing";"41250-478";"2022-03-31"
376;84;39;26;19;"2020-07-15";"69 Susan Circle";"PayPal";"delivered";"36987-3430";"2020-09-15"
377;108;28;24;13;"2020-02-15";"16 Annamark Parkway";"credit card";"processing";"57627-107";"2020-03-14"
378;84;2;4;28;"2021-07-17";"4223 Kenwood Point";"debit card";"processing";"0113-0090";"2021-09-17"
379;136;114;33;31;"2021-09-11";"49 Eastwood Street";"PayPal";"processing";"60905-0022";"2021-10-09"
380;330;113;16;25;"2021-10-03";"98 Jenifer Alley";"credit card";"processing";"52125-602";"2021-10-31"
381;178;96;47;37;"2022-04-11";"027 Bunker Hill Alley";"credit card";"processing";"44237-010";"2022-06-11"
382;65;197;15;20;"2021-09-30";"6793 Buhler Circle";"credit card";"delivered";"61447-001";"2021-11-30"
383;289;27;36;45;"2022-10-26";"6101 Parkside Pass";"credit card";"delivered";"43749-110";"2022-12-26"
384;452;48;37;11;"2022-11-03";"3167 Esch Plaza";"credit card";"pending";"62742-4063";""
385;32;47;30;9;"2023-08-28";"231 Pine View Way";"credit card";"processing";"41190-069";"2023-10-28"
386;322;171;42;20;"2023-12-12";"8 Anniversary Junction";"PayPal";"processing";"42469-2001";"2024-02-12"
387;302;29;48;46;"2020-04-14";"0084 Corben Place";"debit card";"processing";"65133-120";"2020-05-12"
388;85;75;9;29;"2021-07-22";"4 3rd Center";"PayPal";"shipped";"68180-351";"2021-09-22"
389;343;61;19;43;"2020-03-06";"731 Anthes Center";"credit card";"shipped";"35356-745";"2020-05-06"
390;329;91;25;35;"2020-05-28";"13 Transport Junction";"debit card";"pending";"68788-0681";""
391;408;197;23;50;"2021-10-12";"40080 Anthes Park";"PayPal";"pending";"63629-2948";""
392;163;80;4;5;"2020-08-06";"6 Arkansas Crossing";"debit card";"shipped";"49575-004";"2020-10-06"
393;92;76;22;5;"2021-11-12";"7 Fairview Trail";"debit card";"delivered";"52686-233";"2022-01-12"
394;401;123;39;15;"2021-10-03";"32 Cascade Terrace";"PayPal";"shipped";"60505-0598";"2021-10-24"
395;313;89;6;1;"2021-01-04";"830 Welch Lane";"credit card";"shipped";"55150-121";"2021-03-04"
396;443;195;47;22;"2022-02-28";"213 Sherman Terrace";"PayPal";"processing";"49288-0717";"2022-04-28"
397;270;163;6;11;"2020-03-15";"47675 Dixon Road";"debit card";"processing";"37000-019";"2020-05-15"
398;409;135;25;34;"2021-01-29";"337 Harbort Drive";"PayPal";"processing";"64942-1059";"2021-03-29"
399;352;185;1;38;"2023-08-06";"19242 Spenser Way";"debit card";"delivered";"61570-079";"2023-10-06"
400;358;10;39;29;"2020-03-16";"8709 Melrose Pass";"PayPal";"pending";"55651-028";""
401;489;74;35;22;"2020-10-07";"929 Lakewood Gardens Court";"debit card";"processing";"55289-947";"2020-12-07"
402;231;193;11;26;"2023-02-20";"17574 Everett Trail";"PayPal";"pending";"30056-006";""
403;296;4;14;19;"2021-02-25";"079 Del Sol Way";"debit card";"shipped";"54868-6019";"2021-04-25"
404;464;67;39;23;"2022-04-20";"5834 Sauthoff Crossing";"credit card";"processing";"36987-1470";"2022-06-20"
405;319;68;9;29;"2020-09-02";"93570 Porter Drive";"credit card";"processing";"0338-1144";"2020-09-30"
406;176;182;19;40;"2021-10-15";"05018 Shoshone Road";"debit card";"shipped";"49349-284";"2021-12-15"
407;231;98;7;5;"2021-03-26";"182 1st Drive";"PayPal";"pending";"51991-629";""
408;26;154;41;40;"2023-06-16";"937 Washington Road";"debit card";"processing";"59779-410";"2023-08-16"
409;53;165;28;5;"2020-04-29";"21551 Luster Trail";"credit card";"processing";"0407-1413";"2020-06-29"
410;162;168;36;18;"2022-06-14";"60 Jackson Parkway";"PayPal";"processing";"49288-0435";"2022-08-14"
411;350;66;34;26;"2021-01-01";"7047 Kennedy Junction";"PayPal";"delivered";"65862-579";"2021-03-01"
412;90;52;43;41;"2022-10-28";"6 Loomis Pass";"debit card";"shipped";"0781-5654";"2022-11-18"
413;409;69;40;13;"2023-08-27";"578 Oriole Road";"debit card";"pending";"52125-519";""
414;13;28;26;24;"2020-01-12";"2642 Riverside Circle";"debit card";"delivered";"59762-3741";"2020-01-26"
415;107;30;29;20;"2021-10-21";"42047 Sachtjen Plaza";"credit card";"pending";"55111-575";""
416;183;111;49;17;"2020-08-04";"4769 Stoughton Street";"debit card";"delivered";"0363-4015";"2020-10-04"
417;495;24;45;38;"2020-04-20";"391 5th Way";"PayPal";"pending";"61919-382";""
418;122;37;46;4;"2020-09-19";"712 Union Terrace";"debit card";"shipped";"68391-458";"2020-11-19"
419;403;34;35;22;"2020-11-10";"04259 Summer Ridge Way";"debit card";"processing";"49349-982";"2021-01-10"
420;16;114;19;7;"2023-06-20";"2792 Boyd Parkway";"credit card";"pending";"0113-0335";""
421;306;41;16;14;"2023-03-19";"722 Northport Drive";"credit card";"pending";"37000-605";""
422;433;75;10;2;"2022-11-05";"4 Kingsford Park";"credit card";"delivered";"42715-002";"2023-01-05"
423;380;19;33;22;"2021-03-29";"96 Clyde Gallagher Avenue";"PayPal";"pending";"59779-561";""
424;184;85;30;14;"2020-06-12";"1 Fieldstone Street";"debit card";"shipped";"51389-102";"2020-07-03"
425;385;55;34;32;"2020-06-19";"2537 Susan Pass";"credit card";"processing";"68428-012";"2020-08-19"
426;469;42;50;29;"2023-06-04";"602 Eliot Plaza";"PayPal";"processing";"63629-1260";"2023-08-04"
427;495;166;13;44;"2021-04-28";"2 Melby Circle";"credit card";"delivered";"68180-448";"2021-06-28"
428;374;112;10;1;"2021-01-17";"8159 Center Circle";"credit card";"delivered";"0179-1434";"2021-03-17"
429;431;63;11;15;"2022-10-27";"5425 Drewry Center";"debit card";"pending";"98132-167";""
430;113;3;13;48;"2020-04-01";"10 Dottie Plaza";"credit card";"delivered";"55154-6926";"2020-06-01"
431;15;13;36;22;"2020-04-25";"55215 Schlimgen Trail";"credit card";"delivered";"57896-793";"2020-06-25"
432;155;117;8;20;"2023-10-26";"5 Miller Lane";"credit card";"delivered";"55316-517";"2023-12-26"
433;461;30;36;8;"2023-06-13";"761 Rieder Alley";"PayPal";"processing";"43269-758";"2023-08-13"
434;469;83;8;24;"2022-05-02";"87 Del Mar Road";"credit card";"pending";"0310-1097";""
435;85;35;26;29;"2021-06-27";"03691 Farmco Avenue";"PayPal";"delivered";"61919-058";"2021-08-27"
436;48;140;27;2;"2021-01-03";"456 Milwaukee Hill";"debit card";"processing";"51141-0237";"2021-03-03"
437;404;36;10;23;"2021-10-07";"3926 Hanover Road";"debit card";"shipped";"66116-358";"2021-12-07"
438;167;95;45;41;"2022-01-09";"619 Springs Drive";"PayPal";"delivered";"55154-1379";"2022-03-09"
439;276;178;42;26;"2020-10-30";"2158 Rigney Road";"debit card";"delivered";"53217-063";"2020-12-30"
440;269;91;27;6;"2021-08-06";"2 Talisman Trail";"PayPal";"processing";"61715-131";"2021-09-03"
441;17;158;48;22;"2021-05-02";"40 Farmco Circle";"credit card";"delivered";"30142-990";"2021-07-02"
442;394;14;11;8;"2023-06-24";"4 Sage Center";"credit card";"pending";"75847-1705";""
443;92;48;31;7;"2022-11-25";"4 Cordelia Court";"credit card";"pending";"24208-580";""
444;341;187;29;11;"2021-09-07";"86 Washington Avenue";"PayPal";"shipped";"42549-606";"2021-09-28"
445;130;61;31;14;"2021-04-09";"4 Susan Park";"PayPal";"processing";"68382-121";"2021-06-09"
446;352;169;27;14;"2023-03-04";"9861 Southridge Pass";"credit card";"shipped";"11822-0342";"2023-05-04"
447;424;127;23;35;"2023-10-28";"89 Corscot Crossing";"PayPal";"delivered";"10544-001";"2023-12-28"
448;202;182;9;19;"2020-01-09";"9 Harbort Avenue";"credit card";"processing";"0869-0876";"2020-03-09"
449;79;94;6;4;"2023-11-17";"00527 Westport Terrace";"credit card";"pending";"68084-606";""
450;17;86;25;24;"2020-10-19";"62947 Buell Street";"debit card";"pending";"43378-104";""
451;268;10;33;22;"2021-09-27";"988 Waywood Alley";"PayPal";"processing";"0363-0579";"2021-10-25"
452;326;70;49;20;"2022-12-02";"7775 Orin Way";"debit card";"processing";"42571-005";"2023-02-02"
453;21;50;44;40;"2020-11-13";"743 Monument Lane";"debit card";"pending";"50436-3922";""
454;500;36;40;3;"2021-10-02";"16923 Petterle Parkway";"PayPal";"shipped";"52125-856";"2021-10-23"
455;484;58;31;27;"2020-11-15";"698 Porter Drive";"credit card";"pending";"59011-758";""
456;327;14;9;36;"2023-06-28";"98231 Kennedy Terrace";"credit card";"delivered";"66472-026";"2023-07-12"
457;336;26;40;32;"2021-08-18";"27 Old Gate Plaza";"credit card";"pending";"43269-804";""
458;457;128;48;31;"2020-05-11";"099 Carberry Way";"PayPal";"processing";"0430-6202";"2020-06-08"
459;479;121;46;3;"2021-09-04";"809 Melby Center";"PayPal";"shipped";"49349-063";"2021-11-04"
460;60;5;21;20;"2020-11-04";"4 Columbus Hill";"PayPal";"processing";"11673-061";"2021-01-04"
461;456;159;8;5;"2020-08-26";"09850 Lyons Lane";"credit card";"processing";"68382-129";"2020-10-26"
462;67;100;34;9;"2023-10-02";"9252 Farmco Trail";"debit card";"shipped";"0268-1130";"2023-12-02"
463;43;90;8;45;"2020-07-20";"2 Karstens Crossing";"debit card";"delivered";"68001-244";"2020-09-20"
464;353;68;31;42;"2022-10-21";"3004 Stoughton Center";"PayPal";"processing";"57520-0672";"2022-12-21"
465;118;176;25;8;"2022-03-30";"9961 Jay Junction";"PayPal";"processing";"50114-3205";"2022-05-30"
466;46;10;3;46;"2021-02-10";"8 Kensington Plaza";"debit card";"delivered";"51079-459";"2021-04-10"
467;191;135;11;42;"2020-08-24";"08972 Blackbird Trail";"debit card";"pending";"55154-3828";""
468;169;117;7;28;"2021-07-07";"6229 Sundown Circle";"credit card";"processing";"64980-154";"2021-09-07"
469;268;128;50;37;"2020-09-27";"1407 Grim Terrace";"debit card";"delivered";"14783-454";"2020-10-11"
470;371;92;38;22;"2022-09-07";"9331 Straubel Court";"PayPal";"delivered";"65044-9964";"2022-11-07"
471;499;97;48;13;"2022-10-25";"758 Harper Road";"credit card";"processing";"0143-9982";"2022-12-25"
472;283;168;26;20;"2020-12-01";"3 Corscot Alley";"debit card";"delivered";"58232-0410";"2021-02-01"
473;450;65;31;32;"2021-08-21";"1 Harbort Point";"credit card";"pending";"50685-008";""
474;442;150;34;13;"2022-08-07";"5582 Gerald Circle";"debit card";"shipped";"64376-802";"2022-10-07"
475;453;189;22;43;"2021-05-14";"6557 Blackbird Place";"PayPal";"delivered";"49404-203";"2021-07-14"
476;24;170;10;24;"2020-12-09";"568 Delaware Court";"PayPal";"pending";"59351-0332";""
477;485;107;46;28;"2022-09-19";"06 Main Avenue";"PayPal";"shipped";"67345-0787";"2022-11-19"
478;301;93;1;8;"2021-10-10";"78 Thackeray Center";"credit card";"delivered";"76049-879";"2021-12-10"
479;156;173;4;9;"2020-11-02";"7 Main Road";"credit card";"shipped";"49999-861";"2021-01-02"
480;52;194;11;23;"2021-07-09";"6 Columbus Plaza";"PayPal";"delivered";"0440-7300";"2021-09-09"
481;163;11;16;10;"2021-12-02";"97169 Warner Point";"PayPal";"pending";"51367-019";""
482;121;86;30;46;"2023-12-01";"588 Hudson Way";"PayPal";"pending";"17856-0775";""
483;378;186;31;29;"2020-11-04";"6299 Oneill Park";"PayPal";"delivered";"10742-1048";"2020-11-18"
484;127;31;27;39;"2023-03-10";"524 West Avenue";"PayPal";"delivered";"0268-6000";"2023-03-24"
485;36;6;21;49;"2021-12-10";"4 Di Loreto Circle";"debit card";"processing";"42291-719";"2022-02-10"
486;79;45;13;35;"2021-06-11";"8 Gateway Street";"debit card";"shipped";"58118-0015";"2021-08-11"
487;13;174;4;14;"2020-02-08";"88459 High Crossing Way";"debit card";"shipped";"0641-6050";"2020-02-29"
488;42;158;45;24;"2021-11-22";"87013 Express Alley";"credit card";"processing";"54868-3300";"2022-01-22"
489;373;165;34;8;"2020-11-10";"45315 Hoard Alley";"debit card";"delivered";"36987-2027";"2021-01-10"
490;110;60;33;49;"2022-11-14";"822 Amoth Way";"PayPal";"processing";"0904-0201";"2023-01-14"
491;411;154;19;46;"2021-11-07";"8973 Corry Plaza";"credit card";"delivered";"0054-0114";"2021-11-21"
492;93;26;19;36;"2022-07-18";"2 Lyons Place";"credit card";"delivered";"30142-096";"2022-09-18"
493;89;136;23;49;"2021-06-14";"5 Sachs Junction";"PayPal";"pending";"10565-070";""
494;491;142;46;22;"2023-10-26";"214 Moose Park";"credit card";"processing";"36987-1435";"2023-12-26"
495;91;197;30;41;"2022-10-02";"40771 Truax Avenue";"PayPal";"shipped";"68516-3602";"2022-12-02"
496;454;56;2;32;"2021-09-27";"95957 Hoepker Circle";"debit card";"pending";"12027-104";""
497;421;21;48;27;"2020-07-22";"73 Debra Crossing";"credit card";"delivered";"41250-001";"2020-09-22"
498;359;113;38;29;"2020-06-19";"1 Scoville Drive";"PayPal";"delivered";"36987-3016";"2020-08-19"
499;369;157;47;44;"2022-10-24";"07 Vermont Plaza";"debit card";"pending";"54868-0586";""
500;219;63;12;18;"2020-10-23";"9 Old Gate Road";"debit card";"shipped";"43063-138";"2020-12-23"
501;6;186;30;33;"2022-08-24";"8465 Lighthouse Bay Parkway";"credit card";"pending";"0591-3198";""
502;44;137;27;41;"2020-02-01";"13 Kim Crossing";"debit card";"delivered";"68391-359";"2020-04-01"
503;139;97;18;46;"2020-07-25";"253 Johnson Court";"credit card";"pending";"0093-0832";""
504;116;59;8;39;"2021-07-31";"5022 Gateway Avenue";"PayPal";"pending";"42023-112";""
505;46;5;14;39;"2023-08-19";"56498 Becker Pass";"PayPal";"processing";"60429-788";"2023-10-19"
506;19;8;15;28;"2022-04-09";"656 Welch Lane";"credit card";"delivered";"35000-701";"2022-06-09"
507;86;127;35;2;"2020-12-10";"44749 Truax Street";"debit card";"pending";"65293-411";""
508;389;22;26;21;"2023-02-23";"072 Longview Center";"PayPal";"delivered";"63824-860";"2023-04-23"
509;55;8;41;22;"2021-01-19";"9 4th Avenue";"PayPal";"shipped";"99207-500";"2021-02-09"
510;39;104;24;30;"2023-10-01";"413 Kim Place";"credit card";"processing";"10578-024";"2023-12-01"
511;295;8;28;23;"2023-12-15";"84851 Brown Parkway";"debit card";"processing";"0093-3002";"2024-02-15"
512;465;113;38;3;"2023-05-22";"6 New Castle Center";"debit card";"delivered";"48951-7012";"2023-07-22"
513;283;141;25;15;"2022-09-11";"9268 High Crossing Pass";"PayPal";"pending";"11673-479";""
514;301;168;45;34;"2023-03-04";"7884 Rowland Road";"credit card";"delivered";"0527-1727";"2023-05-04"
515;249;11;27;19;"2021-05-07";"21 Summit Street";"debit card";"shipped";"16590-385";"2021-07-07"
516;168;67;21;5;"2020-06-23";"9 Buhler Drive";"debit card";"shipped";"36987-2265";"2020-08-23"
517;328;36;23;19;"2020-07-09";"95019 Westport Parkway";"PayPal";"pending";"0703-2823";""
518;227;197;14;20;"2020-09-18";"3 Longview Park";"PayPal";"pending";"60429-028";""
519;466;71;2;47;"2021-08-28";"3812 Portage Crossing";"PayPal";"delivered";"51270-112";"2021-10-28"
520;410;169;15;12;"2023-04-04";"1238 Rockefeller Avenue";"debit card";"delivered";"0785-6350";"2023-04-18"
521;101;94;4;24;"2023-01-17";"49 Esker Pass";"PayPal";"delivered";"57469-050";"2023-03-17"
522;111;113;39;27;"2023-08-15";"69 Acker Park";"debit card";"processing";"55111-321";"2023-10-15"
523;333;108;25;47;"2022-09-13";"3 Chive Place";"PayPal";"shipped";"15054-0090";"2022-11-13"
524;115;193;26;11;"2020-02-17";"1741 Eagan Alley";"PayPal";"pending";"64980-307";""
525;225;107;28;33;"2020-06-01";"90 Coleman Avenue";"credit card";"processing";"0781-3004";"2020-08-01"
526;229;50;32;48;"2020-05-29";"39 Aberg Park";"PayPal";"shipped";"47682-908";"2020-06-19"
527;498;131;8;24;"2021-05-01";"8966 Macpherson Way";"debit card";"shipped";"65862-068";"2021-07-01"
528;376;14;4;23;"2021-09-29";"50250 Barby Pass";"debit card";"shipped";"49348-133";"2021-11-29"
529;464;118;25;27;"2023-07-11";"039 Everett Alley";"credit card";"shipped";"68084-542";"2023-09-11"
530;225;174;6;45;"2020-07-26";"9 Onsgard Center";"credit card";"pending";"55154-0113";""
531;356;88;8;26;"2023-08-23";"89490 Gerald Junction";"debit card";"processing";"52959-085";"2023-09-20"
532;271;169;16;22;"2023-12-25";"94773 Becker Crossing";"credit card";"shipped";"58929-200";"2024-02-25"
533;83;113;34;28;"2020-04-05";"768 Esker Avenue";"credit card";"processing";"47682-217";"2020-06-05"
534;468;94;14;14;"2021-11-29";"27819 Myrtle Court";"debit card";"pending";"10202-994";""
535;114;172;38;50;"2020-10-28";"74339 Thierer Lane";"debit card";"pending";"55154-3344";""
536;305;171;13;23;"2023-03-15";"28206 Oxford Plaza";"credit card";"processing";"53217-009";"2023-05-15"
537;55;142;11;27;"2023-05-16";"57294 Kropf Point";"credit card";"shipped";"0942-9394";"2023-06-06"
538;476;4;6;36;"2023-09-20";"94984 Pierstorff Drive";"credit card";"shipped";"43538-601";"2023-11-20"
539;114;120;21;43;"2022-10-05";"8 Bellgrove Pass";"PayPal";"pending";"0378-0860";""
540;59;40;26;43;"2021-08-16";"32352 Shasta Place";"debit card";"shipped";"42507-851";"2021-10-16"
541;240;104;22;46;"2022-10-23";"6842 Sutteridge Plaza";"PayPal";"pending";"43857-0122";""
542;483;53;36;8;"2023-08-17";"6211 Mcbride Place";"credit card";"delivered";"36800-060";"2023-10-17"
543;23;40;1;46;"2023-01-05";"4400 American Ash Street";"PayPal";"shipped";"10812-506";"2023-03-05"
544;482;92;48;7;"2022-09-10";"5 Mockingbird Park";"credit card";"pending";"67457-358";""
545;67;72;10;21;"2021-10-20";"4628 Drewry Park";"debit card";"delivered";"62802-111";"2021-12-20"
546;381;68;13;3;"2021-12-05";"26 Pankratz Junction";"PayPal";"shipped";"50268-100";"2022-02-05"
547;272;128;9;47;"2020-10-17";"18294 Charing Cross Way";"credit card";"pending";"0615-6556";""
548;222;2;23;14;"2022-03-23";"4875 Elka Parkway";"debit card";"delivered";"41520-005";"2022-05-23"
549;487;58;20;26;"2020-07-12";"41 Sutteridge Center";"PayPal";"processing";"49349-664";"2020-09-12"
550;323;68;32;33;"2021-07-21";"02 Morning Avenue";"PayPal";"shipped";"41167-0962";"2021-09-21"
551;235;121;23;48;"2020-12-31";"826 Sommers Lane";"debit card";"shipped";"0113-0946";"2021-02-28"
552;410;34;20;29;"2021-02-16";"63177 Buena Vista Avenue";"PayPal";"delivered";"50845-0031";"2021-03-02"
553;185;71;3;38;"2023-10-08";"634 Golf Course Lane";"PayPal";"shipped";"61919-013";"2023-10-29"
554;252;36;49;39;"2022-04-16";"67 Bellgrove Lane";"debit card";"shipped";"0955-1035";"2022-06-16"
555;171;12;2;38;"2021-08-30";"326 Scofield Pass";"PayPal";"delivered";"69138-783";"2021-10-30"
556;438;36;40;27;"2022-07-04";"3 High Crossing Pass";"PayPal";"delivered";"51346-015";"2022-09-04"
557;101;190;48;15;"2023-03-17";"51505 Little Fleur Circle";"PayPal";"shipped";"55154-0353";"2023-05-17"
558;239;163;49;46;"2021-10-17";"60 Burning Wood Place";"debit card";"pending";"66794-015";""
559;336;3;28;40;"2021-02-11";"00945 Oakridge Alley";"credit card";"delivered";"36987-2374";"2021-04-11"
560;352;191;38;4;"2023-01-16";"3 Stephen Park";"credit card";"shipped";"33342-076";"2023-03-16"
561;64;151;26;49;"2022-09-01";"04249 Gerald Center";"credit card";"delivered";"41190-160";"2022-11-01"
562;37;197;28;16;"2023-02-06";"0311 Waywood Street";"debit card";"shipped";"44924-010";"2023-02-27"
563;8;75;5;8;"2022-08-03";"74 Armistice Park";"PayPal";"shipped";"0781-3314";"2022-08-24"
564;87;47;30;44;"2022-08-13";"95 Dexter Parkway";"debit card";"pending";"57520-0969";""
565;418;177;21;36;"2023-07-12";"6727 Golf Crossing";"credit card";"processing";"65841-682";"2023-09-12"
566;142;26;43;7;"2023-09-10";"7407 Aberg Place";"debit card";"pending";"49999-118";""
567;50;23;16;8;"2020-07-21";"5 Carberry Park";"debit card";"processing";"50268-350";"2020-09-21"
568;23;187;19;2;"2020-08-19";"0 Bultman Pass";"debit card";"processing";"76472-1146";"2020-10-19"
569;52;27;2;19;"2021-11-09";"5 Eagle Crest Hill";"credit card";"shipped";"50184-1034";"2022-01-09"
570;289;17;33;15;"2020-11-27";"916 Clove Avenue";"credit card";"shipped";"54575-139";"2021-01-27"
571;29;162;11;5;"2023-11-27";"013 Green Ridge Trail";"debit card";"shipped";"58232-0001";"2024-01-27"
572;69;114;15;3;"2023-12-04";"65 Bluejay Crossing";"PayPal";"shipped";"68788-9943";"2024-02-04"
573;190;136;46;16;"2023-02-12";"47 Dorton Street";"debit card";"pending";"36987-1397";""
574;205;145;9;40;"2021-02-23";"886 Thierer Drive";"debit card";"delivered";"33261-813";"2021-04-23"
575;208;97;14;1;"2022-07-30";"25576 Harbort Alley";"PayPal";"delivered";"49502-605";"2022-09-30"
576;240;163;37;17;"2021-07-09";"29963 Ludington Junction";"PayPal";"shipped";"21695-551";"2021-09-09"
577;244;24;4;37;"2023-08-22";"7 Thackeray Way";"credit card";"delivered";"62750-051";"2023-10-22"
578;137;136;28;23;"2022-11-15";"87 Hansons Drive";"debit card";"pending";"51346-116";""
579;35;78;20;40;"2021-02-26";"25 Claremont Parkway";"PayPal";"processing";"57520-1046";"2021-04-26"
580;235;47;42;2;"2021-03-09";"80256 Larry Place";"PayPal";"pending";"53057-014";""
581;412;101;29;21;"2020-05-02";"6273 2nd Plaza";"debit card";"delivered";"50580-352";"2020-07-02"
582;283;184;39;33;"2021-04-08";"1 Scofield Terrace";"PayPal";"shipped";"55714-4505";"2021-06-08"
583;448;4;50;3;"2020-09-14";"6 Fieldstone Terrace";"PayPal";"pending";"43857-0264";""
584;61;104;19;18;"2022-12-06";"280 Kensington Parkway";"credit card";"processing";"0519-6395";"2023-02-06"
585;435;39;6;29;"2023-09-14";"70238 Dottie Plaza";"PayPal";"shipped";"49349-148";"2023-11-14"
586;82;75;22;5;"2023-10-25";"2 Kropf Alley";"debit card";"shipped";"68788-0070";"2023-11-15"
587;470;173;31;47;"2021-12-28";"1 Becker Trail";"credit card";"delivered";"55910-897";"2022-02-28"
588;455;80;10;50;"2021-10-26";"0 Sage Parkway";"credit card";"shipped";"21695-532";"2021-11-16"
589;413;90;8;27;"2022-04-07";"7680 Hallows Park";"debit card";"processing";"63629-4642";"2022-06-07"
590;263;69;34;49;"2020-06-08";"1 Fairfield Hill";"credit card";"pending";"51991-354";""
591;155;181;32;31;"2021-07-18";"17 Kedzie Pass";"debit card";"processing";"40076-319";"2021-09-18"
592;45;47;43;18;"2021-07-29";"406 Brown Street";"credit card";"pending";"55154-7553";""
593;15;82;3;21;"2020-03-22";"14762 Moulton Way";"debit card";"pending";"43455-0013";""
594;111;48;22;36;"2023-11-10";"87407 Bay Drive";"PayPal";"delivered";"13107-074";"2024-01-10"
595;242;119;5;5;"2021-01-05";"228 Crescent Oaks Circle";"credit card";"processing";"0268-6219";"2021-03-05"
596;120;19;49;41;"2020-07-21";"345 Ohio Trail";"debit card";"shipped";"50111-794";"2020-09-21"
597;119;174;45;36;"2021-04-10";"0 Michigan Point";"PayPal";"pending";"42546-175";""
598;333;76;46;43;"2020-06-24";"38 Johnson Terrace";"debit card";"delivered";"68084-270";"2020-08-24"
599;470;2;30;45;"2020-04-07";"34346 Riverside Trail";"debit card";"processing";"63481-612";"2020-06-07"
600;408;162;46;32;"2020-02-12";"0096 Golf Course Place";"PayPal";"pending";"0378-7025";""
601;426;94;42;7;"2021-08-28";"52 Reinke Avenue";"debit card";"pending";"27505-002";""
602;342;50;43;23;"2022-06-12";"5 Wayridge Street";"PayPal";"shipped";"51138-213";"2022-08-12"
603;269;181;22;44;"2021-09-19";"382 Quincy Crossing";"debit card";"processing";"36987-3324";"2021-10-17"
604;161;40;2;42;"2023-05-28";"838 Carioca Alley";"credit card";"pending";"0781-2938";""
605;41;111;1;4;"2023-03-28";"6797 Division Court";"PayPal";"processing";"50436-7286";"2023-05-28"
606;490;91;16;38;"2022-03-19";"802 Hollow Ridge Circle";"PayPal";"processing";"57664-347";"2022-05-19"
607;320;35;7;7;"2021-03-11";"50 Fordem Circle";"PayPal";"shipped";"67877-249";"2021-05-11"
608;357;170;10;36;"2021-02-08";"72900 8th Park";"PayPal";"processing";"57367-029";"2021-04-08"
609;206;116;39;31;"2022-06-03";"633 Evergreen Street";"debit card";"shipped";"49288-0023";"2022-06-24"
610;6;1;12;10;"2021-11-13";"0836 Laurel Center";"credit card";"delivered";"0172-5032";"2022-01-13"
611;423;71;31;27;"2021-11-30";"5360 Kedzie Parkway";"debit card";"processing";"0615-2562";"2022-01-30"
612;160;95;20;41;"2020-12-08";"9927 Kipling Place";"debit card";"delivered";"0113-8442";"2020-12-22"
613;428;89;23;47;"2023-07-30";"29117 Upham Point";"PayPal";"shipped";"54868-0800";"2023-08-20"
614;471;147;17;50;"2022-06-19";"41 Lawn Drive";"credit card";"processing";"68001-230";"2022-08-19"
615;447;52;5;3;"2020-03-15";"6287 Fisk Circle";"debit card";"processing";"0378-2662";"2020-05-15"
616;87;159;13;49;"2023-04-14";"869 Haas Way";"credit card";"processing";"49825-130";"2023-06-14"
617;373;121;8;23;"2020-06-14";"07204 Waxwing Drive";"credit card";"shipped";"57691-112";"2020-08-14"
618;199;55;42;48;"2022-06-05";"42724 Oxford Lane";"debit card";"shipped";"43063-280";"2022-08-05"
619;230;101;49;36;"2020-08-21";"2 Farragut Point";"debit card";"delivered";"0187-0497";"2020-09-04"
620;494;145;6;26;"2023-06-27";"9239 Petterle Parkway";"debit card";"shipped";"42254-359";"2023-08-27"
621;294;71;4;12;"2023-11-12";"935 Continental Center";"debit card";"shipped";"42291-391";"2024-01-12"
622;467;26;49;43;"2022-05-22";"460 School Alley";"debit card";"processing";"43419-867";"2022-07-22"
623;469;84;5;1;"2022-12-27";"359 Walton Avenue";"PayPal";"shipped";"0093-7599";"2023-02-27"
624;473;121;2;19;"2022-03-18";"4118 Beilfuss Circle";"debit card";"pending";"41163-622";""
625;478;45;10;8;"2020-10-18";"32702 Farragut Terrace";"credit card";"shipped";"55111-137";"2020-11-08"
626;167;23;1;2;"2020-11-30";"958 Buell Place";"credit card";"pending";"52343-027";""
627;151;33;37;14;"2021-07-11";"67628 Johnson Court";"debit card";"pending";"54305-313";""
628;59;192;26;4;"2023-11-10";"3 Arapahoe Pass";"credit card";"shipped";"0519-6396";"2024-01-10"
629;354;147;20;22;"2020-08-25";"6850 Merry Street";"PayPal";"delivered";"0378-0030";"2020-10-25"
630;467;193;38;40;"2022-12-12";"353 Northwestern Avenue";"PayPal";"shipped";"63187-142";"2023-02-12"
631;451;99;30;20;"2022-12-10";"76 Holy Cross Place";"credit card";"delivered";"52584-704";"2023-02-10"
632;394;1;6;24;"2023-12-15";"29194 American Parkway";"debit card";"processing";"37808-230";"2024-02-15"
633;26;85;50;48;"2023-05-27";"30 Esker Street";"credit card";"processing";"49348-788";"2023-07-27"
634;158;114;11;6;"2022-02-27";"642 Barby Parkway";"PayPal";"processing";"67405-300";"2022-03-27"
635;368;75;15;4;"2023-08-21";"045 Colorado Avenue";"PayPal";"delivered";"76045-002";"2023-09-04"
636;198;28;8;45;"2020-10-08";"154 Sutteridge Avenue";"PayPal";"pending";"10596-342";""
637;242;91;8;11;"2020-10-30";"46325 Butterfield Terrace";"debit card";"delivered";"55289-261";"2020-12-30"
638;195;40;42;17;"2020-07-04";"451 Scott Plaza";"PayPal";"shipped";"52125-262";"2020-07-25"
639;25;10;15;37;"2023-08-15";"127 Summerview Plaza";"PayPal";"shipped";"42808-205";"2023-09-05"
640;243;66;15;23;"2020-09-04";"7 Granby Circle";"credit card";"shipped";"54868-1796";"2020-09-25"
641;21;103;3;38;"2021-03-03";"341 Sundown Parkway";"PayPal";"processing";"25543-200";"2021-05-03"
642;246;173;24;26;"2023-05-24";"7923 High Crossing Junction";"debit card";"processing";"36800-050";"2023-07-24"
643;37;35;14;43;"2022-11-13";"9 Texas Street";"debit card";"processing";"41520-393";"2022-12-11"
644;295;57;38;15;"2022-05-01";"6118 Johnson Alley";"debit card";"shipped";"61543-7943";"2022-07-01"
645;76;190;34;14;"2022-06-08";"007 Anthes Point";"PayPal";"pending";"63187-116";""
646;6;64;8;10;"2022-06-06";"4 Graedel Circle";"credit card";"delivered";"54868-5129";"2022-08-06"
647;281;66;37;16;"2020-03-08";"4 Quincy Drive";"credit card";"pending";"36800-394";""
648;105;141;15;29;"2021-05-03";"9116 Eastwood Pass";"credit card";"pending";"37000-246";""
649;344;162;30;21;"2020-06-17";"20524 Carioca Crossing";"PayPal";"shipped";"37000-207";"2020-07-08"
650;77;142;21;27;"2020-11-08";"7118 Summerview Street";"PayPal";"delivered";"16571-210";"2021-01-08"
651;24;63;16;16;"2021-01-29";"9557 Lillian Park";"PayPal";"shipped";"67544-191";"2021-02-19"
652;20;165;5;21;"2021-08-11";"6673 Brentwood Hill";"debit card";"pending";"67938-2004";""
653;310;139;3;24;"2023-10-08";"0378 Amoth Court";"PayPal";"processing";"49288-0257";"2023-12-08"
654;42;55;46;7;"2022-01-31";"2 Clove Court";"debit card";"pending";"47682-815";""
655;228;37;50;10;"2023-05-09";"24545 Miller Park";"debit card";"shipped";"10356-110";"2023-05-30"
656;120;171;20;15;"2022-08-28";"2 Melody Pass";"PayPal";"pending";"36987-1603";""
657;92;35;45;31;"2022-05-19";"58210 Briar Crest Trail";"debit card";"processing";"13107-043";"2022-07-19"
658;211;199;6;8;"2021-09-20";"5 Delaware Parkway";"credit card";"pending";"55289-523";""
659;111;47;6;19;"2020-03-09";"6134 1st Parkway";"debit card";"shipped";"63739-436";"2020-05-09"
660;29;175;7;23;"2020-01-19";"8713 Del Mar Lane";"credit card";"processing";"13734-117";"2020-03-19"
661;177;153;36;34;"2020-12-11";"1864 Warbler Junction";"debit card";"pending";"42291-899";""
662;15;188;33;45;"2022-06-21";"85392 Northwestern Circle";"credit card";"delivered";"13734-139";"2022-08-21"
663;284;151;38;9;"2023-03-27";"083 Thackeray Point";"PayPal";"delivered";"10812-043";"2023-05-27"
664;48;148;32;31;"2023-06-04";"21758 Upham Crossing";"PayPal";"delivered";"62802-362";"2023-08-04"
665;162;68;10;38;"2020-03-15";"9643 Veith Lane";"debit card";"shipped";"51079-103";"2020-05-15"
666;443;185;12;24;"2020-04-21";"05436 Clyde Gallagher Court";"PayPal";"pending";"14783-252";""
667;49;179;22;15;"2021-06-08";"3 Packers Drive";"debit card";"shipped";"0406-8330";"2021-08-08"
668;14;25;30;37;"2021-05-26";"0737 Daystar Alley";"credit card";"delivered";"65862-401";"2021-06-09"
669;15;190;20;8;"2021-01-25";"1 Almo Hill";"credit card";"processing";"68428-138";"2021-03-25"
670;188;177;1;10;"2020-05-15";"4 Marcy Crossing";"credit card";"shipped";"21695-478";"2020-07-15"
671;164;41;4;2;"2020-01-31";"47 Anniversary Place";"debit card";"processing";"0378-1575";"2020-02-28"
672;471;155;4;31;"2023-01-16";"1017 Susan Pass";"PayPal";"shipped";"64117-263";"2023-03-16"
673;378;176;48;24;"2022-03-09";"7 International Pass";"credit card";"pending";"55154-6641";""
674;331;174;48;5;"2021-09-10";"75 Scofield Trail";"credit card";"shipped";"76237-307";"2021-11-10"
675;329;182;17;37;"2020-05-04";"16 Shopko Avenue";"PayPal";"delivered";"14783-061";"2020-07-04"
676;333;109;26;34;"2020-08-06";"163 Kingsford Circle";"credit card";"delivered";"68788-9402";"2020-10-06"
677;465;151;4;12;"2021-06-29";"20 Sachtjen Road";"PayPal";"delivered";"0115-0522";"2021-08-29"
678;12;54;41;12;"2022-02-06";"6079 5th Lane";"PayPal";"shipped";"52125-429";"2022-04-06"
679;34;166;18;23;"2022-09-28";"77 Monument Hill";"PayPal";"shipped";"49349-884";"2022-11-28"
680;455;1;15;28;"2022-01-22";"9 Derek Lane";"debit card";"shipped";"54868-5701";"2022-02-12"
681;468;198;12;38;"2022-07-25";"07541 Loomis Alley";"debit card";"shipped";"76293-052";"2022-09-25"
682;77;37;27;19;"2023-08-09";"56780 Eastwood Trail";"PayPal";"shipped";"0603-4372";"2023-10-09"
683;353;19;28;10;"2021-02-12";"87 Arapahoe Drive";"debit card";"shipped";"42291-131";"2021-04-12"
684;308;26;22;31;"2021-01-29";"8 Montana Place";"credit card";"shipped";"12496-1204";"2021-03-29"
685;473;132;28;45;"2023-10-04";"9 Kennedy Street";"credit card";"processing";"55316-402";"2023-12-04"
686;376;27;15;31;"2021-09-18";"30 Anthes Drive";"credit card";"shipped";"65862-117";"2021-11-18"
687;237;163;9;41;"2023-12-12";"0194 Scott Plaza";"PayPal";"delivered";"45737-207";"2024-02-12"
688;283;4;24;23;"2023-12-01";"39 Southridge Circle";"credit card";"processing";"13537-468";"2024-02-01"
689;149;165;20;2;"2021-04-19";"97 Doe Crossing Park";"PayPal";"shipped";"49035-657";"2021-06-19"
690;137;178;11;27;"2021-08-12";"46771 Hermina Place";"credit card";"delivered";"51079-301";"2021-08-26"
691;498;52;46;17;"2021-06-19";"36572 Esker Avenue";"debit card";"pending";"63776-610";""
692;247;72;45;48;"2023-06-22";"822 Independence Drive";"PayPal";"shipped";"0054-3553";"2023-08-22"
693;252;145;28;41;"2023-02-02";"53289 Orin Trail";"PayPal";"processing";"53567-6044";"2023-04-02"
694;494;38;37;44;"2022-08-01";"56 Moulton Alley";"PayPal";"pending";"31722-330";""
695;345;64;40;6;"2020-05-27";"84 Summer Ridge Road";"PayPal";"shipped";"55154-0695";"2020-07-27"
696;457;59;22;8;"2022-09-24";"236 Ludington Junction";"debit card";"processing";"59779-141";"2022-10-22"
697;144;22;37;29;"2022-06-11";"8 Arkansas Drive";"credit card";"pending";"35356-059";""
698;397;65;2;32;"2023-10-07";"2384 Thackeray Hill";"PayPal";"delivered";"0172-7312";"2023-10-21"
699;467;66;45;34;"2022-08-22";"49650 Tennyson Court";"credit card";"delivered";"64764-254";"2022-10-22"
700;261;167;16;26;"2023-04-01";"85435 Kennedy Pass";"PayPal";"shipped";"52709-1101";"2023-04-22"
701;363;151;42;35;"2020-11-16";"42636 Columbus Circle";"PayPal";"processing";"50436-0107";"2021-01-16"
702;441;28;42;18;"2023-05-04";"28 Westport Road";"PayPal";"shipped";"36987-2725";"2023-07-04"
703;423;19;13;20;"2020-05-10";"452 Summer Ridge Drive";"PayPal";"pending";"58118-0907";""
704;143;49;29;14;"2023-06-28";"11 Algoma Terrace";"credit card";"processing";"0574-2004";"2023-07-26"
705;127;78;35;17;"2020-06-30";"5 Mcbride Way";"PayPal";"delivered";"42236-002";"2020-07-14"
706;385;126;34;42;"2022-10-26";"60127 Comanche Parkway";"debit card";"delivered";"63354-210";"2022-12-26"
707;169;8;4;1;"2023-11-30";"08 Crownhardt Way";"credit card";"pending";"10812-283";""
708;366;113;50;31;"2020-03-03";"43 Clemons Trail";"PayPal";"shipped";"55154-7270";"2020-05-03"
709;428;118;29;9;"2021-04-08";"5416 Lakeland Parkway";"credit card";"pending";"53329-204";""
710;452;35;33;25;"2020-10-05";"8710 Luster Crossing";"credit card";"delivered";"0904-5259";"2020-10-19"
711;30;195;5;4;"2023-08-06";"448 Arkansas Way";"credit card";"processing";"0054-0002";"2023-10-06"
712;193;125;4;26;"2023-10-02";"2384 Muir Hill";"debit card";"pending";"58118-1396";""
713;288;167;35;14;"2023-12-22";"89475 Prairie Rose Crossing";"credit card";"shipped";"13537-043";"2024-02-22"
714;230;138;11;15;"2021-02-14";"4 Golden Leaf Park";"PayPal";"pending";"50390-705";""
715;193;61;7;46;"2020-04-23";"35618 Kenwood Way";"PayPal";"processing";"43742-0039";"2020-06-23"
716;68;134;16;1;"2023-04-14";"9 Anzinger Road";"PayPal";"processing";"67718-963";"2023-06-14"
717;289;192;41;6;"2022-06-06";"33 Nevada Trail";"PayPal";"processing";"37808-687";"2022-08-06"
718;137;129;23;14;"2022-09-06";"59851 Crowley Way";"credit card";"delivered";"59958-200";"2022-09-20"
719;97;69;41;42;"2020-09-09";"017 Fulton Center";"debit card";"processing";"57520-1147";"2020-11-09"
720;176;28;3;10;"2020-03-23";"854 Troy Street";"credit card";"delivered";"0270-1316";"2020-05-23"
721;156;70;39;39;"2021-01-08";"1046 Monterey Crossing";"debit card";"delivered";"51672-1295";"2021-03-08"
722;79;101;13;33;"2021-02-10";"4 Eastlawn Point";"PayPal";"pending";"0299-6100";""
723;448;12;47;22;"2023-12-04";"2274 Heath Road";"PayPal";"delivered";"64205-077";"2024-02-04"
724;263;61;22;5;"2020-10-15";"3 Fair Oaks Plaza";"credit card";"processing";"54868-5879";"2020-11-12"
725;375;103;4;38;"2022-12-07";"9 High Crossing Plaza";"debit card";"processing";"50580-112";"2023-02-07"
726;287;156;15;29;"2023-10-08";"37 Dixon Avenue";"credit card";"pending";"66184-135";""
727;345;55;7;10;"2023-05-01";"47 5th Pass";"credit card";"pending";"67296-0220";""
728;488;59;14;8;"2021-12-20";"752 Hollow Ridge Court";"credit card";"shipped";"51672-4018";"2022-02-20"
729;409;2;32;19;"2022-03-19";"037 Maple Wood Avenue";"PayPal";"shipped";"25021-802";"2022-05-19"
730;379;154;25;38;"2021-03-13";"98 Hauk Crossing";"PayPal";"delivered";"49580-3304";"2021-03-27"
731;418;11;36;18;"2020-10-13";"61 Del Mar Drive";"credit card";"shipped";"52686-228";"2020-12-13"
732;345;1;18;7;"2022-11-17";"6 Bobwhite Terrace";"credit card";"processing";"65862-457";"2023-01-17"
733;120;8;26;20;"2020-09-13";"9851 Johnson Hill";"PayPal";"processing";"0078-0499";"2020-11-13"
734;34;180;37;33;"2021-10-01";"33680 Grim Point";"PayPal";"pending";"43419-020";""
735;425;197;48;2;"2021-02-28";"4652 Hoffman Point";"PayPal";"processing";"52685-433";"2021-03-28"
736;110;195;36;33;"2022-10-08";"8724 Buell Road";"credit card";"delivered";"65785-162";"2022-12-08"
737;37;87;49;43;"2021-03-25";"718 Vidon Center";"PayPal";"delivered";"11084-136";"2021-04-08"
738;500;170;19;24;"2020-02-08";"34 Mendota Court";"credit card";"processing";"10812-420";"2020-03-07"
739;21;42;4;30;"2022-05-09";"06797 Reindahl Street";"credit card";"processing";"0527-1345";"2022-07-09"
740;266;73;5;13;"2021-11-25";"52 Del Mar Parkway";"PayPal";"delivered";"49348-506";"2022-01-25"
741;266;3;6;47;"2022-02-15";"58 Orin Lane";"credit card";"processing";"43269-613";"2022-04-15"
742;487;72;9;29;"2021-10-11";"29976 Clove Center";"debit card";"delivered";"55154-5570";"2021-12-11"
743;267;178;41;18;"2022-06-17";"3133 Vermont Alley";"PayPal";"delivered";"55346-1405";"2022-08-17"
744;55;160;2;35;"2021-10-05";"1 Lien Parkway";"credit card";"processing";"57337-052";"2021-11-02"
745;109;92;30;21;"2020-08-29";"22 Autumn Leaf Road";"credit card";"processing";"68001-118";"2020-10-29"
746;297;41;43;49;"2020-11-21";"088 Laurel Plaza";"PayPal";"processing";"48951-9001";"2020-12-19"
747;412;13;15;32;"2022-10-20";"684 Farmco Plaza";"credit card";"processing";"0603-1880";"2022-12-20"
748;423;83;42;18;"2021-09-21";"3 Dexter Park";"credit card";"processing";"10544-023";"2021-11-21"
749;360;113;42;10;"2021-10-27";"7293 Susan Road";"PayPal";"shipped";"0054-8648";"2021-12-27"
750;212;92;18;2;"2023-03-20";"79 Clove Plaza";"credit card";"shipped";"0591-0398";"2023-05-20"
751;318;117;45;34;"2023-05-15";"04990 Village Green Alley";"PayPal";"processing";"0363-9650";"2023-07-15"
752;317;10;16;40;"2021-01-19";"11140 Florence Point";"debit card";"shipped";"68151-0984";"2021-03-19"
753;414;195;8;18;"2023-03-16";"76696 Hazelcrest Terrace";"PayPal";"delivered";"48951-6014";"2023-05-16"
754;242;171;14;40;"2022-12-15";"7565 Ruskin Drive";"PayPal";"delivered";"63550-810";"2023-02-15"
755;153;166;31;6;"2020-08-28";"58887 1st Pass";"debit card";"pending";"59762-1414";""
756;454;3;43;13;"2020-03-08";"80430 Warner Lane";"PayPal";"shipped";"68084-214";"2020-05-08"
757;100;46;41;11;"2021-07-08";"7 Utah Crossing";"debit card";"delivered";"51672-4041";"2021-09-08"
758;11;2;40;2;"2023-10-02";"117 Westridge Street";"debit card";"processing";"41520-620";"2023-12-02"
759;161;39;47;17;"2022-04-04";"8 Pleasure Pass";"debit card";"processing";"36800-444";"2022-06-04"
760;315;59;36;19;"2020-06-24";"6 Ronald Regan Junction";"PayPal";"processing";"0113-0166";"2020-08-24"
761;483;169;33;50;"2023-02-09";"67035 Mendota Avenue";"PayPal";"delivered";"62778-119";"2023-04-09"
762;450;11;26;24;"2022-09-04";"46144 Onsgard Hill";"PayPal";"shipped";"29033-020";"2022-11-04"
763;6;102;18;32;"2020-04-28";"63786 5th Trail";"debit card";"pending";"66116-255";""
764;84;164;13;36;"2020-09-05";"1 Golf Center";"PayPal";"shipped";"59078-040";"2020-11-05"
765;80;55;18;43;"2020-03-31";"4598 Algoma Terrace";"debit card";"processing";"41167-0935";"2020-05-31"
766;290;53;25;21;"2021-03-24";"927 Harbort Park";"credit card";"shipped";"76074-133";"2021-05-24"
767;153;66;24;13;"2021-11-23";"7437 Boyd Avenue";"credit card";"processing";"60760-114";"2022-01-23"
768;185;75;2;14;"2021-09-27";"6088 Northridge Avenue";"PayPal";"processing";"50730-1411";"2021-10-25"
769;426;150;12;33;"2020-08-08";"67 Rigney Trail";"debit card";"processing";"68828-124";"2020-10-08"
770;228;10;44;44;"2022-11-19";"6454 Kinsman Avenue";"credit card";"shipped";"55154-5446";"2022-12-10"
771;173;70;28;46;"2022-11-02";"5 Arapahoe Way";"credit card";"shipped";"0924-5701";"2022-11-23"
772;29;39;22;46;"2020-06-12";"17 Sachs Parkway";"debit card";"pending";"49348-577";""
773;103;8;41;23;"2022-04-06";"89758 Pleasure Court";"credit card";"delivered";"75904-3246";"2022-04-20"
774;308;185;11;29;"2023-10-01";"3 Hoard Point";"credit card";"processing";"59779-321";"2023-12-01"
775;440;160;33;17;"2020-05-30";"39828 Calypso Circle";"credit card";"delivered";"65862-558";"2020-07-30"
776;411;64;6;15;"2022-12-16";"14896 Pennsylvania Center";"PayPal";"processing";"14290-352";"2023-01-13"
777;195;72;2;45;"2020-12-07";"0 Miller Street";"PayPal";"pending";"37808-946";""
778;65;51;21;9;"2020-10-16";"24 Towne Plaza";"credit card";"processing";"59021-011";"2020-12-16"
779;225;163;14;40;"2020-10-23";"5 Quincy Street";"debit card";"processing";"49349-742";"2020-12-23"
780;482;89;47;13;"2021-10-13";"35 Mcbride Center";"debit card";"delivered";"21695-693";"2021-12-13"
781;38;61;8;47;"2020-01-21";"38713 Rusk Plaza";"PayPal";"shipped";"0054-0057";"2020-03-21"
782;350;86;8;48;"2022-10-30";"59402 Kenwood Lane";"debit card";"pending";"50419-754";""
783;343;133;9;9;"2021-01-16";"00046 Fairfield Terrace";"PayPal";"pending";"0904-6362";""
784;161;98;27;43;"2023-09-01";"3 Main Way";"credit card";"pending";"51346-002";""
785;244;37;29;50;"2022-01-20";"673 Spohn Center";"credit card";"processing";"68151-3048";"2022-03-20"
786;155;156;19;5;"2023-11-23";"2 Brentwood Avenue";"credit card";"shipped";"42254-065";"2024-01-23"
787;232;81;22;32;"2022-09-26";"2 Roth Junction";"credit card";"pending";"50181-0003";""
788;193;121;26;50;"2021-10-13";"430 Dovetail Circle";"debit card";"processing";"66988-100";"2021-12-13"
789;229;119;45;33;"2022-05-22";"9 Armistice Court";"credit card";"pending";"55154-9391";""
790;401;114;16;11;"2023-02-15";"75953 Stang Center";"PayPal";"shipped";"68382-271";"2023-03-08"
791;62;71;13;39;"2021-11-06";"4411 Summer Ridge Lane";"PayPal";"delivered";"75857-0003";"2022-01-06"
792;54;190;26;29;"2021-12-22";"1733 Kingsford Road";"debit card";"pending";"75862-011";""
793;176;22;43;34;"2022-08-07";"60568 Donald Drive";"PayPal";"delivered";"52959-920";"2022-10-07"
794;450;123;37;17;"2020-05-06";"883 Quincy Trail";"credit card";"shipped";"58118-0622";"2020-07-06"
795;278;95;34;4;"2022-05-09";"2 Morningstar Court";"debit card";"processing";"57520-0218";"2022-07-09"
796;401;25;41;35;"2021-12-31";"8578 Claremont Hill";"PayPal";"processing";"49288-0867";"2022-01-28"
797;421;144;15;39;"2021-01-23";"192 Michigan Street";"credit card";"delivered";"24488-011";"2021-03-23"
798;186;13;42;9;"2022-11-21";"29560 Center Point";"PayPal";"delivered";"68391-974";"2023-01-21"
799;131;131;2;4;"2020-04-12";"3 Memorial Parkway";"debit card";"delivered";"60505-3255";"2020-06-12"
800;91;128;39;11;"2023-04-08";"50787 Manley Court";"debit card";"pending";"46672-633";""
